Entity,Code,Year,water_access,resource_rents,gdp_per_capita,region,electricity_access,log_gdp_pc
Algeria,DZA,2000,88.993805,26.686897,11558.221,Africa,98.6,9.355152237650103
Algeria,DZA,2001,89.1698,23.630941,11742.595,Africa,98.6,9.370978108138809
Algeria,DZA,2002,89.34364,23.470938,12213.126,Africa,98.6,9.410266553993331
Algeria,DZA,2003,89.51511,24.452322,12835.182,Africa,98.6,9.459945273181333
Algeria,DZA,2004,89.68422,26.157312,13226.765,Africa,98.6,9.48999770717887
Algeria,DZA,2005,89.85078,32.68003,13738.496,Africa,98.6,9.52795709835851
Algeria,DZA,2006,90.01502,34.191322,13920.694,Africa,98.7,9.541131788967464
Algeria,DZA,2007,90.17674,32.060074,14114.675,Africa,98.7,9.554970315271957
Algeria,DZA,2008,90.3362,32.865093,14206.776,Africa,99.3,9.561474312872294
Algeria,DZA,2009,90.49186,24.202251,14104.428,Africa,98.8,9.55424406961841
Algeria,DZA,2010,90.64434,25.538324,14496.421,Africa,98.9,9.581657070355517
Algeria,DZA,2011,90.79335,28.58129,14641.964,Africa,99.0,9.591646931523057
Algeria,DZA,2012,90.954704,26.252514,14697.54,Africa,98.8,9.59543541182399
Algeria,DZA,2013,91.11286,24.223133,14778.191,Africa,99.2,9.600907791882745
Algeria,DZA,2014,91.26806,22.61231,15073.763,Africa,99.3,9.620710961843834
Algeria,DZA,2015,91.42015,14.925253,15239.518,Africa,99.4,9.631647201443895
Algeria,DZA,2016,91.5694,12.819181,15511.686,Africa,99.4,9.649348954324621
Algeria,DZA,2017,91.71564,15.372393,15427.664,Africa,99.5,9.64391754050657
Algeria,DZA,2018,91.85912,20.717203,15343.426,Africa,99.6,9.63844238766437
Algeria,DZA,2019,91.9998,18.52368,15199.199,Africa,99.5,9.628998008077392
Algeria,DZA,2020,92.137825,14.034377,14194.155,Africa,99.7,9.560585539132392
Algeria,DZA,2021,92.27323,22.590271,14496.865,Africa,99.8,9.581687698136033
Angola,AGO,2000,37.842236,59.14251,6794.5303,Africa,24.2,8.823873199839902
Angola,AGO,2001,38.338818,44.219475,6846.7925,Africa,20.0,8.831535573418677
Angola,AGO,2002,38.835392,32.883717,7521.736,Africa,26.3,8.92555224136571
Angola,AGO,2003,40.396515,28.406696,7516.814,Africa,27.4,8.924897656957539
Angola,AGO,2004,41.977238,33.770718,8079.5264,Africa,28.4,8.997088535935895
Angola,AGO,2005,43.574345,42.760075,8892.921,Africa,29.4,9.09301084596875
Angola,AGO,2006,45.014,40.753445,9586.176,Africa,30.5,9.168077339659524
Angola,AGO,2007,46.468655,45.881176,10434.709,Africa,37.5,9.252892932203432
Angola,AGO,2008,47.93902,52.560772,11131.631,Africa,38.5,9.317545974414028
Angola,AGO,2009,49.423176,30.311466,10930.253,Africa,33.8,9.299289728203696
Angola,AGO,2010,50.922283,38.16231,11074.072,Africa,35.0,9.312361799077507
Angola,AGO,2011,52.43574,39.02268,11034.592,Africa,34.6,9.30879034474043
Angola,AGO,2012,53.962936,34.731007,11516.813,Africa,37.3,9.351563246669848
Angola,AGO,2013,55.503227,29.400045,11622.979,Africa,38.4,9.360739365879622
Angola,AGO,2014,57.05691,22.124249,11718.429,Africa,32.0,9.368918009777653
Angola,AGO,2015,58.619633,13.305675,11389.761,Africa,42.0,9.340470072902374
Angola,AGO,2016,60.192062,20.88512,10963.997,Africa,41.8,9.302372183799873
Angola,AGO,2017,61.773514,25.95033,10565.168,Africa,42.9,9.26531783148549
Angola,AGO,2018,63.36279,32.045406,10154.839,Africa,45.3,9.225705619629819
Angola,AGO,2019,64.15991,28.89786,9712.9795,Africa,45.6,9.181218362826645
Angola,AGO,2020,64.94403,20.247665,8904.949,Africa,47.0,9.094362468587766
Angola,AGO,2021,65.716255,29.967434,8720.1875,Africa,48.2,9.073396018965433
Benin,BEN,2000,61.05343,3.2609515,2536.169,Africa,21.5,7.838409953715294
Benin,BEN,2001,61.411045,3.0848293,2591.065,Africa,21.9,7.859824267086498
Benin,BEN,2002,61.78269,3.3028092,2630.1807,Africa,23.4,7.874807830035912
Benin,BEN,2003,62.17777,4.1402473,2639.0437,Africa,24.3,7.878171895668987
Benin,BEN,2004,62.569477,3.1254282,2672.844,Africa,25.2,7.890898353044132
Benin,BEN,2005,62.9573,3.072344,2632.4724,Africa,26.1,7.875678759622685
Benin,BEN,2006,63.34142,3.048762,2652.2185,Africa,27.9,7.8831517385603975
Benin,BEN,2007,63.722004,3.626915,2729.1375,Africa,28.0,7.9117409041953906
Benin,BEN,2008,64.09877,3.6487546,2777.6196,Africa,29.0,7.929349580892747
Benin,BEN,2009,64.47128,3.7029183,2758.0725,Africa,30.0,7.922287345172358
Benin,BEN,2010,64.8399,3.42233,2733.574,Africa,34.2,7.9133651894886565
Benin,BEN,2011,65.20457,3.4789324,2732.0125,Africa,36.9,7.912793796082849
Benin,BEN,2012,65.56525,3.9216285,2779.7266,Africa,38.4,7.930107856524724
Benin,BEN,2013,65.92152,3.5611658,2893.0466,Africa,34.7,7.970065412692931
Benin,BEN,2014,66.2746,3.7046156,2987.3823,Africa,34.1,8.002152797974125
Benin,BEN,2015,66.62402,4.300303,2952.0022,Africa,29.6,7.990238930977538
Benin,BEN,2016,66.9697,4.4537225,2962.6638,Africa,37.0,7.993844075054128
Benin,BEN,2017,67.31153,4.0983534,3041.7793,Africa,34.5,8.02019791923397
Benin,BEN,2018,67.649414,2.6083074,3155.4512,Africa,39.0,8.056886775843704
Benin,BEN,2019,67.98325,2.467996,3281.1047,Africa,40.0,8.0959354434547
Benin,BEN,2020,68.31295,2.427985,3317.8596,Africa,41.0,8.107075155207722
Benin,BEN,2021,68.63812,2.3044202,3464.2886,Africa,42.0,8.15026258029966
Botswana,BWA,2000,75.459564,2.377147,13185.817,Africa,26.5,9.486897061221107
Botswana,BWA,2001,75.75495,1.1638536,12949.641,Africa,24.8,9.4688233447357
Botswana,BWA,2002,75.91391,0.91412026,13479.696,Africa,27.0,9.508939832283216
Botswana,BWA,2003,76.05199,1.931449,13857.259,Africa,33.1,9.536564489838382
Botswana,BWA,2004,76.18888,3.2239676,13984.842,Africa,35.3,9.545729307753147
Botswana,BWA,2005,76.32341,2.3434331,14361.958,Africa,37.5,9.572338184282197
Botswana,BWA,2006,77.37937,6.442145,15275.583,Africa,39.7,9.6340109502509
Botswana,BWA,2007,78.817635,7.4124184,15850.234,Africa,41.9,9.670939542603389
Botswana,BWA,2008,80.20836,3.9622045,16040.315,Africa,44.5,9.682860519631665
Botswana,BWA,2009,81.5482,2.2457225,13489.951,Africa,43.4,9.509700316874968
Botswana,BWA,2010,82.83969,2.105195,14545.02,Africa,52.0,9.585003945971327
Botswana,BWA,2011,84.082245,1.8942851,15236.719,Africa,53.2,9.631463517348784
Botswana,BWA,2012,85.11982,2.2586353,14957.619,Africa,56.0,9.612976081107519
Botswana,BWA,2013,86.10353,1.4251409,16369.426,Africa,58.0,9.703170605608696
Botswana,BWA,2014,87.062004,0.92775774,17052.193,Africa,60.0,9.744034096141482
Botswana,BWA,2015,87.99527,0.8047746,15994.964,Africa,62.1,9.68002920167774
Botswana,BWA,2016,88.90367,0.7622926,16905.588,Africa,64.2,9.735399497145782
Botswana,BWA,2017,89.78708,0.88011247,17352.896,Africa,67.4,9.761514687872522
Botswana,BWA,2018,90.64382,0.86969477,17825.02,Africa,68.3,9.788358367301502
Botswana,BWA,2019,91.474945,0.6560538,18106.01,Africa,70.1,9.803999206338338
Botswana,BWA,2020,91.546135,0.6750424,16289.392,Africa,71.8,9.698269377388195
Botswana,BWA,2021,91.61103,1.0385344,17960.625,Africa,73.7,9.795937140805266
Burkina Faso,BFA,2000,55.63909,5.3346086,1428.574,Africa,9.1,7.26443202291925
Burkina Faso,BFA,2001,55.832905,4.7678328,1477.2849,Africa,9.5,7.297961154925565
Burkina Faso,BFA,2002,55.61143,5.7281613,1494.678,Africa,9.9,7.309666078010805
Burkina Faso,BFA,2003,55.390312,6.3236346,1561.8331,Africa,11.4,7.353615474498682
Burkina Faso,BFA,2004,55.171288,5.43726,1581.2562,Africa,10.7,7.36597487341676
Burkina Faso,BFA,2005,54.95405,6.3735266,1664.9955,Africa,11.1,7.417577699708189
Burkina Faso,BFA,2006,54.74041,6.433448,1714.7604,Africa,11.6,7.447028641385095
Burkina Faso,BFA,2007,54.477512,7.812924,1731.9304,Africa,12.0,7.456991903557445
Burkina Faso,BFA,2008,54.17093,8.596971,1779.3271,Africa,12.5,7.48399053810551
Burkina Faso,BFA,2009,53.860764,9.578453,1779.323,Africa,12.6,7.4839882338609875
Burkina Faso,BFA,2010,53.54818,11.086092,1873.9714,Africa,13.1,7.535815201209124
Burkina Faso,BFA,2011,53.233723,13.636193,1939.8666,Africa,14.8,7.5703744868065
Burkina Faso,BFA,2012,52.917572,12.401603,2003.6647,Africa,15.1,7.6027331328367165
Burkina Faso,BFA,2013,52.600266,10.75234,2057.064,Africa,15.4,7.6290350024407045
Burkina Faso,BFA,2014,52.282726,10.310905,2083.1985,Africa,19.2,7.641659731967908
Burkina Faso,BFA,2015,51.965134,11.632851,2101.7026,Africa,16.2,7.650503057126382
Burkina Faso,BFA,2016,51.648056,12.615518,2162.7258,Africa,16.6,7.679124649540015
Burkina Faso,BFA,2017,51.33083,12.309909,2232.2878,Africa,17.0,7.710782257841142
Burkina Faso,BFA,2018,51.014366,8.876196,2316.3943,Africa,14.4,7.747767074633705
Burkina Faso,BFA,2019,50.699615,8.327973,2391.5364,Africa,17.6,7.779691283577382
Burkina Faso,BFA,2020,50.386265,9.177827,2380.9316,Africa,18.5,7.775247118648771
Burkina Faso,BFA,2021,50.07527,20.1354,2486.431,Africa,19.0,7.818603627920574
Burundi,BDI,2000,49.905003,15.060935,1030.3224,Africa,2.5,6.937627041955101
Burundi,BDI,2001,50.607635,18.812078,1025.4838,Africa,2.8,6.932919780215547
Burundi,BDI,2002,51.313587,24.301426,1041.2972,Africa,3.1,6.948222522585726
Burundi,BDI,2003,52.022446,40.492195,996.56946,Africa,3.4,6.904318841187514
Burundi,BDI,2004,52.734146,30.45452,1006.5124,Africa,3.7,6.914246564924473
Burundi,BDI,2005,53.448635,26.680767,978.54193,Africa,3.2,6.886063637221055
Burundi,BDI,2006,54.166195,23.949179,995.02783,Africa,2.7,6.90277070661669
Burundi,BDI,2007,54.886414,32.356358,991.9314,Africa,4.7,6.899653951667871
Burundi,BDI,2008,55.6099,33.048244,998.56506,Africa,4.8,6.906319308469802
Burundi,BDI,2009,56.335583,30.336658,985.18475,Africa,5.4,6.892829187036041
Burundi,BDI,2010,57.064716,23.853376,988.0187,Africa,5.3,6.895701624694258
Burundi,BDI,2011,57.79689,24.989159,991.6599,Africa,6.2,6.899380205758928
Burundi,BDI,2012,58.531693,17.5502,999.2201,Africa,6.5,6.906975074701917
Burundi,BDI,2013,59.27002,17.732855,1011.43134,Africa,6.9,6.919121774916841
Burundi,BDI,2014,60.0108,17.454748,1019.1761,Africa,7.0,6.926749834778428
Burundi,BDI,2015,60.7546,15.534453,992.2858,Africa,7.9,6.900011170629353
Burundi,BDI,2016,61.501316,19.10165,1006.5591,Africa,8.5,6.914292961686842
Burundi,BDI,2017,62.250854,18.507675,1020.84985,Africa,9.3,6.928390745645821
Burundi,BDI,2018,63.00311,13.431763,1043.4056,Africa,9.5,6.950245257643086
Burundi,BDI,2019,63.75799,13.127438,1054.726,Africa,9.8,6.961036296538409
Burundi,BDI,2020,64.40287,13.847552,1027.6289,Africa,9.1,6.935009388623835
Burundi,BDI,2021,65.0493,13.957034,1032.3827,Africa,10.2,6.939624710633155
Cameroon,CMR,2000,55.821365,8.335748,3822.9443,Africa,41.0,8.248776163880622
Cameroon,CMR,2001,56.667637,5.6843953,3884.873,Africa,46.2,8.264845572434734
Cameroon,CMR,2002,57.495556,5.279828,3951.4194,Africa,44.0,8.281830135119527
Cameroon,CMR,2003,58.304775,5.0826807,4054.7812,Africa,45.1,8.307652007017275
Cameroon,CMR,2004,59.09587,4.7317877,4222.9663,Africa,47.1,8.348293074793174
Cameroon,CMR,2005,59.867645,7.3916655,4199.7227,Africa,47.2,8.342773778282268
Cameroon,CMR,2006,60.62115,8.543908,4241.5176,Africa,49.0,8.352676408714602
Cameroon,CMR,2007,61.356525,8.981922,4302.619,Africa,48.2,8.366979186041386
Cameroon,CMR,2008,62.073914,10.076928,4300.2666,Africa,50.6,8.366432299759733
Cameroon,CMR,2009,62.77306,5.8238544,4286.577,Africa,51.7,8.363243791330852
Cameroon,CMR,2010,63.45451,6.9204187,4286.583,Africa,52.8,8.36324519104811
Cameroon,CMR,2011,64.11805,8.164166,4307.852,Africa,53.7,8.368194682997192
Cameroon,CMR,2012,64.76384,8.405814,4382.1113,Africa,55.2,8.385285919193876
Cameroon,CMR,2013,65.39169,7.333029,4473.5723,Africa,56.3,8.405942540699007
Cameroon,CMR,2014,66.001816,7.0359073,4588.4863,Africa,56.8,8.431305466529428
Cameroon,CMR,2015,66.594406,5.6356335,4698.667,Africa,58.6,8.45503413044996
Cameroon,CMR,2016,67.16967,5.367372,4767.132,Africa,59.8,8.469500145192757
Cameroon,CMR,2017,67.727165,6.0835266,4797.9756,Africa,60.9,8.475949357934438
Cameroon,CMR,2018,68.26777,6.10464,4851.48,Africa,62.2,8.487039092020497
Cameroon,CMR,2019,68.791084,5.5558443,4882.3555,Africa,63.2,8.493383066818767
Cameroon,CMR,2020,69.297646,4.342023,4763.482,Africa,64.3,8.46873419240557
Cameroon,CMR,2021,69.787125,5.525983,4793.556,Africa,65.4,8.475027794935512
Cape Verde,CPV,2000,79.36776,17.46492,4510.1357,Africa,58.6,8.414082520735864
Cape Verde,CPV,2001,79.66278,24.263306,4540.907,Africa,60.3,8.420882050817763
Cape Verde,CPV,2002,79.952774,19.197536,4710.241,Africa,58.6,8.457494353429677
Cape Verde,CPV,2003,80.2372,14.356183,4841.2656,Africa,63.7,8.484931453132058
Cape Verde,CPV,2004,80.66026,25.653973,5268.303,Africa,65.4,8.56946357829341
Cape Verde,CPV,2005,81.08172,32.153023,5565.7695,Africa,67.0,8.624390529083163
Cape Verde,CPV,2006,81.50212,30.853292,5941.3823,Africa,68.8,8.689697095721527
Cape Verde,CPV,2007,81.92093,22.052334,6767.4067,Africa,70.5,8.819873234913924
Cape Verde,CPV,2008,82.33869,49.205788,7169.1396,Africa,72.3,8.87754092639309
Cape Verde,CPV,2009,82.75431,21.749737,6994.574,Africa,74.1,8.852889984601745
Cape Verde,CPV,2010,83.16633,33.28737,7072.1216,Africa,81.1,8.86391579873979
Cape Verde,CPV,2011,83.52225,40.134098,7325.784,Africa,82.3,8.899155458874613
Cape Verde,CPV,2012,83.877495,25.055847,7397.8223,Africa,83.2,8.908940952098508
Cape Verde,CPV,2013,84.231895,16.55794,7440.6626,Africa,84.3,8.914715183001393
Cape Verde,CPV,2014,84.585464,12.009355,7491.022,Africa,85.3,8.921460515801133
Cape Verde,CPV,2015,84.9382,9.498124,7560.1367,Africa,86.4,8.930644551020682
Cape Verde,CPV,2016,85.58132,10.192321,7881.303,Africa,87.5,8.972248524512189
Cape Verde,CPV,2017,86.33307,12.32031,8234.56,Africa,88.6,9.016095210704622
Cape Verde,CPV,2018,87.07555,14.343668,8531.13,Africa,90.2,9.051477105334378
Cape Verde,CPV,2019,87.80857,13.16113,9111.63,Africa,91.4,9.117306898508025
Cape Verde,CPV,2020,88.53256,11.582799,7207.8687,Africa,93.7,8.882928583251008
Cape Verde,CPV,2021,89.24751,17.657724,7685.4194,Africa,95.5,8.947080228328751
Central African Republic,CAF,2000,59.01049,11.1834545,1245.814,Africa,6.0,7.127544410515772
Central African Republic,CAF,2001,57.828575,10.870925,1272.857,Africa,5.7,7.1490192591760895
Central African Republic,CAF,2002,56.65333,11.359201,1290.3832,Africa,6.1,7.1626945075074016
Central African Republic,CAF,2003,55.484375,11.703594,1191.8732,Africa,6.6,7.083281466128058
Central African Republic,CAF,2004,54.321705,8.168312,1236.2854,Africa,7.0,7.119866517511782
Central African Republic,CAF,2005,53.172554,8.63532,1219.594,Africa,7.4,7.106273295456213
Central African Republic,CAF,2006,52.03639,10.014939,1251.8708,Africa,7.8,7.132394351446906
Central African Republic,CAF,2007,50.912987,9.947737,1284.5529,Africa,8.4,7.158165999041748
Central African Republic,CAF,2008,49.801464,11.742727,1283.2728,Africa,7.5,7.157168968670067
Central African Republic,CAF,2009,48.70128,8.763575,1402.6816,Africa,9.4,7.246141112080596
Central African Republic,CAF,2010,47.612183,7.898563,1479.4137,Africa,9.8,7.299401139621907
Central African Republic,CAF,2011,46.53332,8.450499,1517.1484,Africa,10.4,7.324587799217935
Central African Republic,CAF,2012,45.464424,9.167684,1577.9806,Africa,11.0,7.363901207287155
Central African Republic,CAF,2013,44.404934,13.295689,996.89636,Africa,11.5,6.904646812702903
Central African Republic,CAF,2014,43.354,11.266072,1001.85596,Africa,12.0,6.90960951881642
Central African Republic,CAF,2015,42.311348,12.692623,1043.9218,Africa,12.7,6.950739861422564
Central African Republic,CAF,2016,41.27664,13.058263,1073.9448,Africa,13.4,6.9790938770999125
Central African Republic,CAF,2017,40.248814,13.41759,1103.8661,Africa,14.1,7.006573933249387
Central African Republic,CAF,2018,39.227547,11.178742,1125.7009,Africa,14.6,7.02616114286297
Central African Republic,CAF,2019,38.212265,9.811123,1145.0956,Africa,14.3,7.043243405952738
Central African Republic,CAF,2020,37.202404,9.885329,1136.5706,Africa,15.4,7.035770761908731
Central African Republic,CAF,2021,36.19738,10.260196,1128.5524,Africa,15.7,7.028691028498161
Chad,TCD,2000,38.63259,10.573498,1506.7158,Africa,3.1,7.317687594245921
Chad,TCD,2001,39.213894,8.365047,1626.5668,Africa,3.4,7.394226814851805
Chad,TCD,2002,39.797512,8.651861,1704.273,Africa,3.8,7.440893905824412
Chad,TCD,2003,40.384342,14.339338,1878.5858,Africa,4.1,7.538274538711449
Chad,TCD,2004,40.973915,34.92643,2400.97,Africa,3.5,7.783628101349357
Chad,TCD,2005,41.566216,36.3206,2705.8164,Africa,4.8,7.903158957204924
Chad,TCD,2006,42.16124,34.25991,2596.0325,Africa,5.1,7.861739597006016
Chad,TCD,2007,42.75939,33.06052,2613.4739,Africa,5.5,7.868435611495113
Chad,TCD,2008,43.35981,33.919594,2601.3613,Africa,5.9,7.863790163914078
Chad,TCD,2009,43.962914,19.396399,2474.7075,Africa,6.3,7.813877486200587
Chad,TCD,2010,44.57603,23.781406,2717.4055,Africa,6.4,7.907432843781698
Chad,TCD,2011,45.198856,28.168812,2741.0708,Africa,9.0,7.916103925958253
Chad,TCD,2012,45.83146,24.793356,2886.2747,Africa,7.8,7.967721918449324
Chad,TCD,2013,46.473095,20.04363,2864.113,Africa,8.1,7.960013982609459
Chad,TCD,2014,47.123417,15.68822,2820.678,Africa,8.4,7.944732560566488
Chad,TCD,2015,47.782433,11.971207,2822.5793,Africa,7.7,7.945406391289017
Chad,TCD,2016,48.449753,13.110061,2622.598,Africa,9.2,7.871920708495035
Chad,TCD,2017,49.124966,16.884613,2496.2622,Africa,10.9,7.822549772049078
Chad,TCD,2018,49.808006,20.939941,2552.3704,Africa,10.1,7.844777774998565
Chad,TCD,2019,50.498062,19.64996,2604.5315,Africa,8.4,7.865008091564019
Chad,TCD,2020,51.195377,13.93309,2513.0293,Africa,10.9,7.829244196846892
Chad,TCD,2021,51.8991,21.342932,2435.0728,Africa,11.3,7.797731932400369
Comoros,COM,2000,87.33876,1.3995199,2917.8716,Africa,39.8,7.978609725372978
Comoros,COM,2001,87.52881,1.2734302,3013.389,Africa,42.0,8.010820637998808
Comoros,COM,2002,87.426476,1.3751467,3085.9382,Africa,44.8,8.034611006799059
Comoros,COM,2003,87.322685,1.6553675,3085.5967,Africa,46.5,8.03450033740939
Comoros,COM,2004,87.2175,1.2325932,3121.5168,Africa,48.7,8.046074316515186
Comoros,COM,2005,87.11132,1.2973086,3231.725,Africa,51.0,8.08077132938725
Comoros,COM,2006,87.00425,1.2653097,3111.6257,Africa,53.2,8.042900601714887
Comoros,COM,2007,86.89642,1.5833853,3074.7346,Africa,55.5,8.030973867572698
Comoros,COM,2008,86.7879,1.7166924,3133.7502,Africa,57.8,8.049985713293802
Comoros,COM,2009,86.67883,1.7491192,3171.6035,Africa,60.1,8.061992574941588
Comoros,COM,2010,86.56937,1.5934424,3226.635,Africa,69.7,8.079195077504767
Comoros,COM,2011,86.45953,1.6335422,3293.834,Africa,69.3,8.09980751481078
Comoros,COM,2012,86.34947,1.9165368,3330.5244,Africa,69.3,8.11088504805369
Comoros,COM,2013,86.23936,1.8410634,3406.4993,Africa,69.4,8.133440444724197
Comoros,COM,2014,86.12919,1.9769567,3403.4128,Africa,71.8,8.132533971875201
Comoros,COM,2015,86.01918,2.4657643,3370.5557,Africa,74.1,8.122832905894967
Comoros,COM,2016,85.90943,2.5067565,3411.7712,Africa,76.4,8.134986848918805
Comoros,COM,2017,85.8,2.3638532,3472.0786,Africa,78.7,8.152508713772848
Comoros,COM,2018,85.691,1.5519428,3528.9587,Africa,81.0,8.168758120574768
Comoros,COM,2019,85.58266,1.4865235,3522.6687,Africa,83.3,8.166974134748116
Comoros,COM,2020,85.47501,1.5992097,3447.4727,Africa,85.6,8.145396690854378
Comoros,COM,2021,85.36818,1.6284342,3449.0435,Africa,87.9,8.145852225208712
Congo,COG,2000,58.39881,59.683872,7570.583,Africa,29.4,8.932025357997071
Congo,COG,2001,58.69239,48.098454,7567.439,Africa,30.3,8.931609980077129
Congo,COG,2002,59.184223,46.64501,7729.3887,Africa,31.2,8.952785056953713
Congo,COG,2003,59.673695,39.317295,7577.4565,Africa,32.1,8.932932868235836
Congo,COG,2004,60.618156,40.082047,7577.446,Africa,33.0,8.932931482545628
Congo,COG,2005,61.560955,48.09891,7876.118,Africa,33.8,8.971590421871264
Congo,COG,2006,62.50179,53.314762,8192.58,Africa,34.9,9.010984145554282
Congo,COG,2007,63.44091,47.487083,7375.8247,Africa,35.8,8.905962998685027
Congo,COG,2008,64.37912,52.644505,7587.288,Africa,36.8,8.934229494285479
Congo,COG,2009,65.31599,35.577908,8138.45,Africa,37.1,9.004355023174417
Congo,COG,2010,66.251595,43.939842,8583.662,Africa,40.0,9.057615907952817
Congo,COG,2011,67.18444,51.84373,8492.421,Africa,40.8,9.04692939766589
Congo,COG,2012,68.11463,41.35735,9079.687,Africa,41.6,9.11379499963555
Congo,COG,2013,69.041725,33.144848,8798.494,Africa,42.5,9.082335849457163
Congo,COG,2014,69.964806,27.658232,9159.257,Africa,43.4,9.122520340841177
Congo,COG,2015,70.883484,15.885705,8977.707,Africa,44.3,9.102499783478525
Congo,COG,2016,71.79735,17.00004,8001.8257,Africa,45.3,8.987425007125461
Congo,COG,2017,72.706024,29.806381,7372.7705,Africa,46.2,8.905548830419882
Congo,COG,2018,72.902054,42.668205,7029.3364,Africa,47.0,8.8578475849011
Congo,COG,2019,73.09808,39.24304,6939.369,Africa,47.7,8.844966127176976
Congo,COG,2020,73.29368,26.218132,6350.5093,Africa,48.7,8.756290293394919
Congo,COG,2021,73.48842,37.712547,6263.2114,Africa,49.7,8.742448335747879
Cote d'Ivoire,CIV,2000,68.79462,2.862115,4838.376,Africa,48.7,8.484334406215396
Cote d'Ivoire,CIV,2001,69.17999,2.3220878,4609.1787,Africa,49.7,8.435804963936784
Cote d'Ivoire,CIV,2002,69.56308,2.4589064,4368.9604,Africa,51.4,8.382280365051352
Cote d'Ivoire,CIV,2003,69.943504,2.6488357,4060.0305,Africa,51.5,8.308945764882832
Cote d'Ivoire,CIV,2004,70.321556,2.493217,4088.9753,Africa,52.4,8.316049679749675
Cote d'Ivoire,CIV,2005,70.69616,3.7119768,4032.2756,Africa,58.9,8.302086160589836
Cote d'Ivoire,CIV,2006,71.067986,5.6015844,4049.2903,Africa,60.2,8.306296910177313
Cote d'Ivoire,CIV,2007,71.437004,4.9838724,3999.7205,Africa,55.3,8.293979762660657
Cote d'Ivoire,CIV,2008,71.80317,5.5620027,4096.754,Africa,60.3,8.317950231809576
Cote d'Ivoire,CIV,2009,72.1658,3.873232,4151.0845,Africa,57.3,8.33112490438644
Cote d'Ivoire,CIV,2010,72.52553,4.330138,4338.6846,Africa,58.4,8.37532649359653
Cote d'Ivoire,CIV,2011,72.88232,5.5323997,4017.4375,Africa,55.8,8.298399540552262
Cote d'Ivoire,CIV,2012,73.23582,5.367572,4234.212,Africa,55.8,8.350952521296291
Cote d'Ivoire,CIV,2013,73.586006,4.155036,4597.22,Africa,61.5,8.433207051959343
Cote d'Ivoire,CIV,2014,73.93287,3.4193552,4907.611,Africa,61.9,8.498542544335985
Cote d'Ivoire,CIV,2015,74.279,3.0725968,5110.9004,Africa,62.6,8.539130871198237
Cote d'Ivoire,CIV,2016,74.62368,3.2305307,5320.8857,Africa,64.3,8.579395053441013
Cote d'Ivoire,CIV,2017,74.96705,3.388768,5556.155,Africa,65.6,8.622661601253277
Cote d'Ivoire,CIV,2018,75.30897,3.1099691,5670.242,Africa,67.1,8.642987076587014
Cote d'Ivoire,CIV,2019,75.64902,2.9582715,5894.9224,Africa,68.6,8.68184664918678
Cote d'Ivoire,CIV,2020,75.98707,2.5916386,5787.858,Africa,69.9,8.6635175539328
Cote d'Ivoire,CIV,2021,76.32298,4.735022,6045.2046,Africa,71.1,8.707020608629971
Democratic Republic of Congo,COD,2000,37.549538,7.5112605,981.42206,Africa,6.7,6.8890026014956955
Democratic Republic of Congo,COD,2001,37.521633,18.42001,930.85785,Africa,7.1,6.836106580334842
Democratic Republic of Congo,COD,2002,37.48461,18.867685,929.4528,Africa,7.7,6.8345960258829095
Democratic Republic of Congo,COD,2003,37.438442,29.553356,953.0446,Africa,8.3,6.859661702139409
Democratic Republic of Congo,COD,2004,37.383076,24.086422,987.74695,Africa,9.0,6.895426541460866
Democratic Republic of Congo,COD,2005,37.320473,23.742865,1016.6339,Africa,6.0,6.924252350905769
Democratic Republic of Congo,COD,2006,37.25155,24.025816,1036.1333,Africa,10.2,6.943251082496085
Democratic Republic of Congo,COD,2007,37.176228,25.763708,1091.5408,Africa,15.2,6.995345555044027
Democratic Republic of Congo,COD,2008,37.09343,28.458406,1137.8408,Africa,11.6,7.036887710348275
Democratic Republic of Congo,COD,2009,37.00407,28.2618,1109.1831,Africa,12.3,7.011379077419276
Democratic Republic of Congo,COD,2010,36.90708,25.960884,1166.983,Africa,13.0,7.062177064913957
Democratic Republic of Congo,COD,2011,36.80336,28.883047,1124.7721,Africa,13.7,7.025335716339093
Democratic Republic of Congo,COD,2012,36.69185,27.12297,1182.1407,Africa,15.4,7.075082226414872
Democratic Republic of Congo,COD,2013,36.57248,25.74622,1342.7416,Africa,15.2,7.202468772947718
Democratic Republic of Congo,COD,2014,36.445656,24.556877,1392.7584,Africa,13.5,7.239041520115909
Democratic Republic of Congo,COD,2015,36.310814,20.109392,1433.2158,Africa,16.6,7.26767600965136
Democratic Republic of Congo,COD,2016,36.167877,20.572123,1388.8016,Africa,17.3,7.236196495979155
Democratic Republic of Congo,COD,2017,36.016304,24.765656,1395.7196,Africa,18.0,7.241165403548473
Democratic Republic of Congo,COD,2018,35.85649,18.416777,1431.7285,Africa,18.7,7.266637734573125
Democratic Republic of Congo,COD,2019,35.687893,12.750058,1394.7646,Africa,19.1,7.240480934496626
Democratic Republic of Congo,COD,2020,35.51045,15.928197,1361.028,Africa,20.1,7.2159955755478515
Democratic Republic of Congo,COD,2021,35.32362,38.827267,1402.3856,Africa,20.8,7.245930065442499
Djibouti,DJI,2013,77.13434,0.5267271,4469.074,Africa,58.6,8.40493650731057
Djibouti,DJI,2014,77.35848,0.7889984,4705.0493,Africa,58.9,8.45639153017925
Djibouti,DJI,2015,77.58462,0.66261834,4961.868,Africa,59.1,8.50953756172136
Djibouti,DJI,2016,77.811844,0.4844244,5226.5005,Africa,59.8,8.561497212639074
Djibouti,DJI,2017,78.0403,0.571398,5421.9565,Africa,60.2,8.598212007156638
Djibouti,DJI,2018,78.26985,0.2789593,5590.5044,Africa,62.4,8.628824794636571
Djibouti,DJI,2019,78.50038,0.35853162,5809.3047,Africa,64.7,8.66721616970695
Djibouti,DJI,2020,78.73176,0.32214877,5791.4775,Africa,64.5,8.664142719360969
Djibouti,DJI,2021,78.96363,0.2771105,5960.108,Africa,65.4,8.692843880700584
Egypt,EGY,2000,98.99336,7.419746,9981.628,Africa,97.7,9.208501482254375
Egypt,EGY,2001,98.92261,6.4693856,10117.333,Africa,97.4,9.222005370559927
Egypt,EGY,2002,98.85193,7.3003755,10143.506,Africa,97.5,9.224588976753015
Egypt,EGY,2003,98.78132,9.137432,10250.377,Africa,98.8,9.235069764377974
Egypt,EGY,2004,98.71077,11.377112,10451.821,Africa,97.8,9.254531500584935
Egypt,EGY,2005,98.64028,14.464485,10700.609,Africa,99.4,9.2780559347182
Egypt,EGY,2006,98.56986,14.846388,11211.832,Africa,99.0,9.324724928226646
Egypt,EGY,2007,98.49889,13.510175,11782.006,Africa,98.4,9.374328731332904
Egypt,EGY,2008,98.42754,15.582485,12391.585,Africa,99.8,9.424772892187958
Egypt,EGY,2009,98.35621,9.130782,12728.081,Africa,98.9,9.451565933919435
Egypt,EGY,2010,98.28486,9.450616,13128.988,Africa,99.4,9.482577888926533
Egypt,EGY,2011,98.21353,12.3388405,13082.427,Africa,99.4,9.479025158257548
Egypt,EGY,2012,98.14157,10.745498,13076.806,Africa,99.7,9.478595405589608
Egypt,EGY,2013,98.0696,9.781882,13058.075,Africa,99.9,9.477161995335537
Egypt,EGY,2014,97.99758,8.432228,13136.365,Africa,99.8,9.483139617542477
Egypt,EGY,2015,97.925514,4.129069,13425.912,Africa,99.3,9.50494185003062
Egypt,EGY,2016,97.85344,3.2090807,13727.32,Africa,100.0,9.52714328670137
Egypt,EGY,2017,97.78186,5.6988645,14018.36,Africa,100.0,9.548123177997455
Egypt,EGY,2018,97.710815,7.5965633,14488.209,Africa,100.0,9.581090425190839
Egypt,EGY,2019,97.64036,5.7249613,15026.568,Africa,100.0,9.617575113359344
Egypt,EGY,2020,97.57053,3.2577434,15309.236,Africa,100.0,9.636211585381762
Egypt,EGY,2021,97.501366,5.13912,15579.016,Africa,100.0,9.653680159535458
Equatorial Guinea,GNQ,2000,51.09814,88.59235,11767.471,Africa,64.8,9.37309430885756
Equatorial Guinea,GNQ,2005,55.131718,56.289116,31302.957,Africa,65.0,10.351467844909417
Equatorial Guinea,GNQ,2006,56.10058,53.93252,32251.768,Africa,65.1,10.38132814242669
Equatorial Guinea,GNQ,2007,57.118572,50.144333,35540.45,Africa,65.1,10.478426763418016
Equatorial Guinea,GNQ,2008,58.183796,46.437866,39994.617,Africa,65.2,10.596500149040045
Equatorial Guinea,GNQ,2009,59.291794,27.737003,38706.605,Africa,65.4,10.563765536289718
Equatorial Guinea,GNQ,2010,60.441364,36.31115,33668.875,Africa,66.1,10.424329099063497
Equatorial Guinea,GNQ,2011,61.629612,37.684155,34341.934,Africa,66.1,10.44412245202693
Equatorial Guinea,GNQ,2012,62.85389,39.00276,35711.492,Africa,65.7,10.483227820729413
Equatorial Guinea,GNQ,2013,63.671516,33.347458,32894.37,Africa,65.9,10.401056797489915
Equatorial Guinea,GNQ,2014,63.926476,27.10724,31765.9,Africa,66.0,10.36614866637025
Equatorial Guinea,GNQ,2015,64.1786,17.500507,27797.795,Africa,66.1,10.232711979986242
Equatorial Guinea,GNQ,2016,64.425514,16.459965,24435.064,Africa,66.2,10.103774428894605
Equatorial Guinea,GNQ,2017,64.66581,21.958906,22250.44,Africa,66.4,10.010117062679758
Eswatini,SWZ,2000,52.382736,2.9647412,6106.0747,Africa,20.4,8.717039407088317
Eswatini,SWZ,2001,53.425842,3.4623854,6135.453,Africa,26.9,8.721839193049881
Eswatini,SWZ,2002,54.47528,4.473177,6335.8135,Africa,25.9,8.753973498086298
Eswatini,SWZ,2003,55.531048,2.856294,6578.302,Africa,28.7,8.79153193630627
Eswatini,SWZ,2004,56.59229,2.369928,6775.2217,Africa,31.4,8.82102736845974
Eswatini,SWZ,2005,57.660275,2.053522,7142.1924,Africa,34.2,8.873775067024248
Eswatini,SWZ,2006,58.73417,2.0140386,7584.72,Africa,35.2,8.933890976137514
Eswatini,SWZ,2007,59.83257,2.6546504,7866.731,Africa,39.8,8.970397880278254
Eswatini,SWZ,2008,61.050808,3.7751904,7926.3794,Africa,42.6,8.977951640381692
Eswatini,SWZ,2009,62.26917,2.6717718,7988.5977,Africa,38.6,8.98577051647358
Eswatini,SWZ,2010,63.487595,2.3895931,8245.642,Africa,45.6,9.017440097335301
Eswatini,SWZ,2011,64.70639,2.6427624,8350.892,Africa,51.2,9.030123638486678
Eswatini,SWZ,2012,65.899925,4.1806703,8645.845,Africa,54.3,9.064834137701624
Eswatini,SWZ,2013,67.094666,4.5006447,8951.058,Africa,57.5,9.099527016572882
Eswatini,SWZ,2014,68.29024,3.4397793,9084.494,Africa,65.0,9.114324283076648
Eswatini,SWZ,2015,69.48694,3.4074085,9186.653,Africa,64.1,9.125506948795099
Eswatini,SWZ,2016,70.68692,4.60471,9402.509,Africa,63.4,9.14873184753627
Eswatini,SWZ,2017,71.88963,4.0394006,9660.552,Africa,73.5,9.175806068431116
Eswatini,SWZ,2018,73.09515,3.1438003,9578.101,Africa,74.0,9.167234625845913
Eswatini,SWZ,2019,74.30323,3.2760766,10099.586,Africa,77.0,9.220249711890224
Eswatini,SWZ,2020,75.51362,3.3816447,9695.825,Africa,80.0,9.17945065946635
Eswatini,SWZ,2021,76.72607,2.9991524,9990.435,Africa,82.9,9.20938341423815
Ethiopia,ETH,2000,18.759062,18.485266,810.27075,Africa,12.7,6.697368451073563
Ethiopia,ETH,2001,20.28613,18.148813,851.3134,Africa,10.2,6.746780333398103
Ethiopia,ETH,2002,21.810595,23.189323,838.29803,Africa,11.9,6.731373681647015
Ethiopia,ETH,2003,23.33038,36.14132,795.77216,Africa,13.5,6.6793129137166485
Ethiopia,ETH,2004,24.846077,27.810993,877.1145,Africa,15.2,6.776637542573054
Ethiopia,ETH,2005,26.357613,23.493195,952.11566,Africa,14.0,6.858686519008498
Ethiopia,ETH,2006,27.865513,18.828856,1024.7291,Africa,18.6,6.932183563958116
Ethiopia,ETH,2007,29.378462,21.911537,1109.1433,Africa,20.3,7.01134319451223
Ethiopia,ETH,2008,30.98697,18.77935,1193.7473,Africa,22.0,7.084852630012278
Ethiopia,ETH,2009,32.588245,16.431738,1262.464,Africa,23.7,7.140820645891473
Ethiopia,ETH,2010,34.18369,15.819996,1381.1904,Africa,25.5,7.230701015013837
Ethiopia,ETH,2011,35.771896,17.428253,1492.5339,Africa,23.0,7.308230558576647
Ethiopia,ETH,2012,37.353645,14.928181,1576.7688,Africa,29.0,7.3631329687325495
Ethiopia,ETH,2013,38.91893,14.010401,1696.8651,Africa,30.8,7.436537768851137
Ethiopia,ETH,2014,40.477066,13.384482,1821.3916,Africa,27.2,7.507356103286035
Ethiopia,ETH,2015,42.02727,12.193223,1957.4146,Africa,29.0,7.579379799837919
Ethiopia,ETH,2016,43.569748,11.233979,2084.8406,Africa,42.9,7.642447680471059
Ethiopia,ETH,2017,45.103275,9.877871,2222.8281,Africa,44.3,7.706535583039015
Ethiopia,ETH,2018,46.628967,6.368876,2311.165,Africa,44.8,7.7455070053890385
Ethiopia,ETH,2019,48.146477,5.50374,2437.9705,Africa,48.0,7.798921209885976
Ethiopia,ETH,2020,49.655045,5.4977007,2516.549,Africa,51.1,7.830643797515026
Ethiopia,ETH,2021,51.154774,5.8670735,2588.413,Africa,54.2,7.858800225578164
Gabon,GAB,2000,80.06525,47.769867,21717.225,Africa,73.6,9.985861003454618
Gabon,GAB,2001,80.56922,32.516796,21604.781,Africa,77.2,9.98066991177219
Gabon,GAB,2002,81.060005,31.7272,20981.48,Africa,77.8,9.951395422836864
Gabon,GAB,2003,81.537315,26.057026,20875.455,Africa,78.5,9.946329345888703
Gabon,GAB,2004,82.00138,27.456783,20438.932,Africa,79.2,9.9251967924633
Gabon,GAB,2005,82.45192,37.767345,20385.29,Africa,81.6,9.92256884129884
Gabon,GAB,2006,82.890076,37.655975,19224.127,Africa,80.5,9.86392138371991
Gabon,GAB,2007,83.31557,37.533512,19751.877,Africa,81.3,9.891003803788129
Gabon,GAB,2008,83.729515,41.06808,18493.092,Africa,82.0,9.825152535927852
Gabon,GAB,2009,84.13072,27.73626,17911.146,Africa,82.7,9.793178479607368
Gabon,GAB,2010,84.52073,35.65489,18530.576,Africa,89.3,9.827177403523754
Gabon,GAB,2011,84.89927,39.145996,19153.088,Africa,88.7,9.86021923487259
Gabon,GAB,2012,85.267395,40.629333,19450.402,Africa,89.3,9.875623017213467
Gabon,GAB,2013,85.623924,32.806984,19836.455,Africa,86.4,9.895276685438308
Gabon,GAB,2014,85.96589,24.754019,20008.99,Africa,87.1,9.903936951541267
Gabon,GAB,2015,86.29304,12.553434,20147.71,Africa,87.3,9.910845913273766
Gabon,GAB,2016,86.60647,11.662194,19988.176,Africa,88.1,9.902896177708499
Gabon,GAB,2017,86.90725,17.699783,19555.707,Africa,86.3,9.881022440972265
Gabon,GAB,2018,87.195984,21.160263,19225.598,Africa,89.6,9.863997899221683
Gabon,GAB,2019,87.47285,19.175499,19491.406,Africa,90.3,9.877728929458423
Gabon,GAB,2020,87.7393,13.498825,18681.484,Africa,91.1,9.835288151882203
Gabon,GAB,2021,87.99547,18.493343,18523.58,Africa,91.8,9.826799794054894
Gambia,GMB,2000,71.75198,2.2558455,2658.6177,Africa,34.3,7.885561605050696
Gambia,GMB,2001,72.470985,2.4895625,2737.696,Africa,29.9,7.914871969735246
Gambia,GMB,2002,73.18741,3.5475762,2578.5571,Africa,31.5,7.8549852579035715
Gambia,GMB,2003,73.894196,6.1228604,2682.48,Africa,27.8,7.894497018745466
Gambia,GMB,2004,74.57234,2.549795,2794.1936,Africa,34.8,7.935298828754956
Gambia,GMB,2005,75.24828,2.6318257,2653.6423,Africa,30.5,7.883688428114777
Gambia,GMB,2006,75.92201,2.7296119,2564.6865,Africa,38.1,7.849591527912903
Gambia,GMB,2007,76.59349,3.0409324,2567.1572,Africa,39.8,7.850554417796277
Gambia,GMB,2008,77.2629,3.184893,2649.611,Africa,41.5,7.882168115752371
Gambia,GMB,2009,77.929504,3.2974985,2745.3254,Africa,43.2,7.917654889723088
Gambia,GMB,2010,78.593834,3.0303242,2824.2126,Africa,46.8,7.945984879065607
Gambia,GMB,2011,79.25554,4.4674387,2519.8398,Africa,48.3,7.831950607056148
Gambia,GMB,2012,79.91494,5.781233,2574.935,Africa,49.9,7.853579570060787
Gambia,GMB,2013,80.5712,5.906664,2572.4473,Africa,51.5,7.852612981589717
Gambia,GMB,2014,81.22418,5.2409153,2465.1096,Africa,53.0,7.809991547963009
Gambia,GMB,2015,81.87375,5.5588818,2495.9575,Africa,54.7,7.8224277021007635
Gambia,GMB,2016,82.51964,6.561058,2478.4604,Africa,56.4,7.815392839927299
Gambia,GMB,2017,83.162056,6.493237,2533.1868,Africa,56.2,7.8372333938281304
Gambia,GMB,2018,83.80089,2.7225244,2651.4329,Africa,60.3,7.882855489826649
Gambia,GMB,2019,84.436195,2.8139098,2750.8213,Africa,62.1,7.91965480061768
Gambia,GMB,2020,85.06803,3.034393,2702.319,Africa,62.2,7.90186557224731
Gambia,GMB,2021,85.69631,2.8567305,2777.7961,Africa,63.7,7.929413122492365
Ghana,GHA,2000,65.51722,13.759724,3327.352,Africa,43.7,8.109932071443884
Ghana,GHA,2001,66.272484,12.746063,3369.507,Africa,44.8,8.122521721843677
Ghana,GHA,2002,67.287025,13.424908,3425.6182,Africa,46.8,8.139037230759184
Ghana,GHA,2003,68.30364,15.619772,3507.751,Africa,48.3,8.162730370357096
Ghana,GHA,2004,69.32259,12.39741,3607.3652,Africa,50.8,8.190732923352511
Ghana,GHA,2005,70.342834,11.731805,3721.3079,Africa,41.2,8.221830471496816
Ghana,GHA,2006,71.36516,7.5761847,3857.8616,Africa,55.1,8.257868319312614
Ghana,GHA,2007,72.38928,8.828153,3923.1257,Africa,56.9,8.274643987500966
Ghana,GHA,2008,73.415215,9.161901,4174.7812,Africa,60.5,8.336817228726023
Ghana,GHA,2009,74.44221,10.811583,4269.16,Africa,61.1,8.35917236555902
Ghana,GHA,2010,75.47127,10.114629,4495.689,Africa,64.2,8.410874216583128
Ghana,GHA,2011,76.50164,16.070688,5005.367,Africa,64.1,8.518266015734378
Ghana,GHA,2012,77.5331,15.822678,5339.7134,Africa,56.5,8.582927260101947
Ghana,GHA,2013,78.565155,10.8892145,5593.775,Africa,70.7,8.629409651286922
Ghana,GHA,2014,79.59783,12.249535,5619.0723,Africa,78.3,8.633921858087614
Ghana,GHA,2015,80.631165,10.563517,5607.366,Africa,74.0,8.631836369541737
Ghana,GHA,2016,81.665146,8.649803,5666.078,Africa,79.3,8.642252446621157
Ghana,GHA,2017,82.69957,10.370041,5993.631,Africa,79.0,8.698452684420056
Ghana,GHA,2018,83.73447,9.790408,6234.512,Africa,80.4,8.737855587208227
Ghana,GHA,2019,84.769615,9.767366,6508.2466,Africa,83.5,8.780825359446498
Ghana,GHA,2020,85.80528,8.48658,6412.6855,Africa,85.4,8.766033416935866
Ghana,GHA,2021,86.841255,13.347485,6607.503,Africa,86.3,8.795961100507853
Guinea,GIN,2000,49.75328,12.384687,2358.2876,Africa,15.2,7.7656910414291485
Guinea,GIN,2001,50.503635,12.082344,2412.7517,Africa,16.4,7.788523159377195
Guinea,GIN,2002,51.252304,12.111452,2498.1318,Africa,17.7,7.8232984515034145
Guinea,GIN,2003,51.999626,14.896392,2473.2341,Africa,18.9,7.8132819253946355
Guinea,GIN,2004,52.745228,14.15987,2477.503,Africa,20.2,7.815006477101493
Guinea,GIN,2005,53.4891,21.087467,2501.2217,Africa,20.2,7.824534571491107
Guinea,GIN,2006,54.23158,17.785692,2478.6133,Africa,22.8,7.8154545295487585
Guinea,GIN,2007,54.972294,16.293304,2587.005,Africa,24.1,7.858256114924788
Guinea,GIN,2008,55.71124,15.223966,2629.5398,Africa,25.4,7.874564128872258
Guinea,GIN,2009,56.4484,15.585533,2537.3064,Africa,26.7,7.838858324872885
Guinea,GIN,2010,57.184097,15.292081,2594.8306,Africa,28.1,7.861276514085768
Guinea,GIN,2011,58.360313,18.19951,2673.4087,Africa,29.5,7.891109603815013
Guinea,GIN,2012,59.5459,16.631664,2762.9036,Africa,26.2,7.92403743470202
Guinea,GIN,2013,60.740795,14.250157,2802.56,Africa,32.2,7.938288564172979
Guinea,GIN,2014,61.944954,14.931954,2834.9663,Africa,33.5,7.949785328965979
Guinea,GIN,2015,63.16257,14.113858,2869.8516,Africa,34.9,7.962015600099725
Guinea,GIN,2016,64.39355,18.106365,3099.7888,Africa,33.5,8.039089259120091
Guinea,GIN,2017,65.63776,18.953125,3332.7659,Africa,35.4,8.111557838817301
Guinea,GIN,2018,66.895096,13.702376,3455.645,Africa,45.0,8.147764404740489
Guinea,GIN,2019,68.16513,4.6579432,3557.4624,Africa,42.2,8.176802760688195
Guinea,GIN,2020,69.448364,4.827688,3630.9934,Africa,44.7,8.197261553731604
Guinea,GIN,2021,70.744354,4.519559,3738.8052,Africa,46.8,8.226521374128046
Guinea-Bissau,GNB,2002,56.07668,12.577867,2054.0898,Africa,1.3,7.627588109104399
Guinea-Bissau,GNB,2003,56.50251,17.826767,2002.4021,Africa,2.6,7.602102788858525
Guinea-Bissau,GNB,2004,56.913307,14.131149,1979.6979,Africa,3.9,7.59069953629014
Guinea-Bissau,GNB,2005,57.30839,13.396369,2060.6667,Africa,5.2,7.630784850199947
Guinea-Bissau,GNB,2006,57.688683,13.363731,2065.2122,Africa,14.5,7.632988260406213
Guinea-Bissau,GNB,2007,58.053513,16.723436,2065.9897,Africa,7.9,7.63336466418797
Guinea-Bissau,GNB,2008,58.403156,15.980649,2105.6738,Africa,9.3,7.65239078990888
Guinea-Bissau,GNB,2009,58.73699,17.197449,2103.058,Africa,4.7,7.65114775497051
Guinea-Bissau,GNB,2010,59.05613,14.930733,2164.2683,Africa,6.0,7.67983761564521
Guinea-Bissau,GNB,2011,59.35994,13.2487755,2278.5476,Africa,13.5,7.731293501422744
Guinea-Bissau,GNB,2012,59.648643,17.119856,2180.7434,Africa,14.9,7.687421106827033
Guinea-Bissau,GNB,2013,59.921917,16.939924,2192.5928,Africa,16.3,7.692840049462358
Guinea-Bissau,GNB,2014,60.17997,18.698784,2156.3364,Africa,17.2,7.676165949542124
Guinea-Bissau,GNB,2015,60.42273,19.871418,2230.53,Africa,20.1,7.709994504376996
Guinea-Bissau,GNB,2016,60.649895,18.701504,2293.3787,Africa,22.9,7.737781424040363
Guinea-Bissau,GNB,2017,60.861423,15.985733,2342.561,Africa,26.0,7.7590000543284905
Guinea-Bissau,GNB,2018,61.0575,9.888868,2373.6494,Africa,28.4,7.772183881028324
Guinea-Bissau,GNB,2019,61.237827,9.947401,2442.2588,Africa,30.9,7.8006786277612825
Guinea-Bissau,GNB,2020,61.40237,11.151586,2456.0115,Africa,33.4,7.806293971666494
Guinea-Bissau,GNB,2021,61.551083,10.428504,2522.1287,Africa,35.8,7.832858546150667
Kenya,KEN,2000,45.360023,3.3139675,3756.6362,Africa,15.2,8.231279208306207
Kenya,KEN,2001,46.23005,3.1416206,3778.2585,Africa,17.0,8.237018468166484
Kenya,KEN,2002,47.097984,3.739544,3681.2568,Africa,18.9,8.211009494596832
Kenya,KEN,2003,47.963722,5.0854216,3674.086,Africa,16.0,8.209059673231108
Kenya,KEN,2004,48.82715,4.123678,3743.5679,Africa,22.6,8.227794419612296
Kenya,KEN,2005,49.687233,4.0769362,3844.7356,Africa,24.5,8.25446011494596
Kenya,KEN,2006,50.54483,2.9504185,3970.7334,Africa,26.4,8.286706092136104
Kenya,KEN,2007,51.399826,3.6338985,4116.451,Africa,28.3,8.322746663351712
Kenya,KEN,2008,52.252117,3.6388688,4002.8835,Africa,30.3,8.294770255396447
Kenya,KEN,2009,53.100727,3.2457237,4012.1943,Africa,23.0,8.297093577620013
Kenya,KEN,2010,53.94644,2.6730793,4211.5244,Africa,19.2,8.345579951398852
Kenya,KEN,2011,54.79128,2.9431872,4307.106,Africa,36.2,8.368021495849474
Kenya,KEN,2012,55.63461,2.908883,4387.938,Africa,38.1,8.386614691851362
Kenya,KEN,2013,56.477062,2.6694021,4443.371,Africa,40.1,8.399168601587993
Kenya,KEN,2014,57.3176,2.6431093,4558.552,Africa,36.0,8.424760308221055
Kenya,KEN,2015,58.156425,2.70967,4679.622,Africa,41.6,8.450972616418913
Kenya,KEN,2016,58.993332,2.6583984,4770.3105,Africa,53.1,8.470166676103466
Kenya,KEN,2017,59.828102,2.314356,4846.8623,Africa,55.8,8.486086826116468
Kenya,KEN,2018,60.660904,1.3613247,5017.668,Africa,61.2,8.52072056292012
Kenya,KEN,2019,61.490765,1.2271842,5171.7124,Africa,69.7,8.55095913123038
Kenya,KEN,2020,62.31821,1.268812,5057.4014,Africa,71.5,8.528608073053535
Kenya,KEN,2021,63.14267,1.2279285,5338.8525,Africa,76.5,8.582766021222135
Lesotho,LSO,2000,64.40585,3.4587092,1932.158,Africa,4.3,7.56639279196692
Lesotho,LSO,2001,64.960815,3.6129472,2004.0334,Africa,1.3,7.602917128732535
Lesotho,LSO,2002,65.520195,4.6497297,2024.7872,Africa,3.4,7.613219887598921
Lesotho,LSO,2003,66.083824,5.4681735,2127.373,Africa,5.4,7.662643164188657
Lesotho,LSO,2004,66.65221,3.8550458,2178.6648,Africa,6.8,7.686467491078217
Lesotho,LSO,2005,67.22455,3.4606578,2275.016,Africa,9.6,7.729742364327352
Lesotho,LSO,2006,67.801544,3.068439,2381.0203,Africa,9.7,7.775284372280002
Lesotho,LSO,2007,68.362175,5.0525675,2470.3147,Africa,13.9,7.81210083041308
Lesotho,LSO,2008,68.926674,5.459041,2589.1663,Africa,16.0,7.859091210983376
Lesotho,LSO,2009,69.49442,5.903028,2538.1934,Africa,17.0,7.839207847104777
Lesotho,LSO,2010,70.066124,3.9343996,2651.378,Africa,17.0,7.882834783827119
Lesotho,LSO,2011,70.64161,3.8895137,2749.3196,Africa,22.5,7.9191087418658705
Lesotho,LSO,2012,71.19314,4.705876,2894.227,Africa,20.6,7.970473342263211
Lesotho,LSO,2013,71.747284,5.1015816,2914.3752,Africa,26.9,7.977410736187932
Lesotho,LSO,2014,72.30429,5.5905223,2930.6172,Africa,27.8,7.982968328292005
Lesotho,LSO,2015,72.86443,6.211357,2986.9587,Africa,31.8,8.002010991538667
Lesotho,LSO,2016,73.42728,7.270126,3057.261,Africa,35.1,8.025274696067749
Lesotho,LSO,2017,73.99309,6.297739,2924.681,Africa,33.7,7.980940693889441
Lesotho,LSO,2018,74.563286,3.6095808,2846.4182,Africa,47.0,7.953816710932725
Lesotho,LSO,2019,75.137695,3.7342548,2773.2864,Africa,44.6,7.927788321927024
Lesotho,LSO,2020,75.71684,4.555485,2517.1104,Africa,47.5,7.830866855913585
Lesotho,LSO,2021,76.300316,4.317882,2544.7825,Africa,50.4,7.8418004636429774
Liberia,LBR,2007,66.95271,21.577026,1422.1002,Africa,3.0,7.259890072015727
Liberia,LBR,2008,67.69488,21.767384,1463.124,Africa,1.3,7.2883291547763385
Liberia,LBR,2009,68.43246,22.07775,1492.9982,Africa,1.9,7.308541591912208
Liberia,LBR,2010,69.16527,18.364662,1538.8508,Africa,5.3,7.3387911830704295
Liberia,LBR,2011,69.89337,23.272966,1601.0337,Africa,4.1,7.37840476211934
Liberia,LBR,2012,70.61615,26.711601,1668.9729,Africa,9.3,7.419963686262184
Liberia,LBR,2013,71.333885,28.371178,1774.5206,Africa,9.8,7.481285580923085
Liberia,LBR,2014,72.045975,26.180637,1750.1438,Africa,9.4,7.467453234970244
Liberia,LBR,2015,72.75249,19.446259,1714.0905,Africa,15.2,7.446637898230574
Liberia,LBR,2016,73.453255,20.114363,1653.3105,Africa,17.7,7.410534920471627
Liberia,LBR,2017,74.14774,21.324057,1661.3029,Africa,24.2,7.415357453011809
Liberia,LBR,2018,74.83621,14.02503,1647.9745,Africa,22.8,7.407302237048733
Liberia,LBR,2019,75.518326,14.260489,1575.7666,Africa,23.1,7.362497163003762
Liberia,LBR,2020,76.193954,17.466166,1497.377,Africa,27.6,7.31147018972136
Liberia,LBR,2021,76.862976,21.9156,1539.2089,Africa,29.8,7.339023862119257
Libya,LBY,2008,93.07925,66.05989,21915.197,Africa,85.1,9.994935602089257
Libya,LBY,2009,93.07925,51.732265,20518.965,Africa,83.5,9.929104859416146
Libya,LBY,2010,93.07925,55.96616,21115.525,Africa,81.9,9.957763830899815
Libya,LBY,2011,93.07925,37.561733,10741.921,Africa,80.3,9.281909216128177
Libya,LBY,2012,93.07925,59.103043,20601.002,Africa,78.7,9.933094994371448
Libya,LBY,2013,93.35219,47.741398,16557.5,Africa,77.1,9.714594450359135
Libya,LBY,2014,93.62513,31.016949,12499.083,Africa,75.5,9.433410560599416
Libya,LBY,2015,93.89807,16.392199,12195.349,Africa,73.8,9.408809928526708
Libya,LBY,2016,94.17101,12.246865,11831.826,Africa,72.2,9.37854829840015
Libya,LBY,2017,94.443954,22.15876,15428.116,Africa,70.6,9.643946838096845
Libya,LBY,2018,94.716896,31.61686,16385.164,Africa,67.0,9.70413157023754
Libya,LBY,2019,94.98984,34.499027,14337.196,Africa,68.5,9.570612558074213
Libya,LBY,2020,95.26278,11.478983,9978.664,Africa,69.4,9.208204492608953
Libya,LBY,2021,95.53572,61.03471,12641.51,Africa,70.2,9.444741122591145
Madagascar,MDG,2000,36.442757,3.2833407,1701.4432,Africa,12.6,7.439232111074032
Madagascar,MDG,2001,37.13655,2.787386,1748.5035,Africa,14.8,7.466515558217184
Madagascar,MDG,2002,37.828545,3.5053458,1486.4343,Africa,14.0,7.304135443681382
Madagascar,MDG,2003,38.518227,5.2185583,1584.7493,Africa,20.3,7.368181503454129
Madagascar,MDG,2004,39.20603,6.160538,1620.1195,Africa,15.3,7.390255190937993
Madagascar,MDG,2005,40.04291,5.4655256,1648.1763,Africa,16.0,7.407424682903002
Madagascar,MDG,2006,40.878117,5.6245995,1686.8634,Africa,16.8,7.4306261071276545
Madagascar,MDG,2007,41.71105,6.4342475,1731.6176,Africa,17.5,7.456811279526336
Madagascar,MDG,2008,42.54249,5.8093653,1794.4023,Africa,18.3,7.49242726497067
Madagascar,MDG,2009,43.370052,6.879039,1673.1555,Africa,17.4,7.422466643469689
Madagascar,MDG,2010,44.194534,5.808445,1635.2451,Africa,12.3,7.399547980353114
Madagascar,MDG,2011,45.01538,5.8954415,1614.5514,Africa,14.3,7.386812426173443
Madagascar,MDG,2012,45.832485,6.691297,1617.7908,Africa,18.7,7.388816793832611
Madagascar,MDG,2013,46.64531,6.774363,1610.6023,Africa,12.9,7.384363487399665
Madagascar,MDG,2014,47.454193,7.1789036,1620.3579,Africa,23.0,7.390402329751817
Madagascar,MDG,2015,48.258175,8.609936,1627.5806,Africa,23.8,7.394849896665985
Madagascar,MDG,2016,49.05759,8.772772,1648.9122,Africa,22.9,7.407871076751526
Madagascar,MDG,2017,49.85194,7.639736,1669.7277,Africa,24.1,7.420415838223854
Madagascar,MDG,2018,50.641125,5.169894,1678.7863,Africa,36.5,7.42582637083524
Madagascar,MDG,2019,51.424255,4.7078524,1707.8315,Africa,31.0,7.442979716086164
Madagascar,MDG,2020,52.202076,5.6595054,1545.7272,Africa,32.0,7.343249758208594
Madagascar,MDG,2021,52.973297,5.5311885,1577.4325,Africa,35.1,7.363553804276428
Malawi,MWI,2000,54.130825,10.150911,1239.3917,Africa,4.8,7.122375973716815
Malawi,MWI,2001,54.934772,9.937918,1149.5804,Africa,5.2,7.0471522852109825
Malawi,MWI,2002,55.7358,5.8069487,1140.8428,Africa,5.6,7.039522566487824
Malawi,MWI,2003,56.534264,8.642151,1176.1239,Africa,6.2,7.069979480051756
Malawi,MWI,2004,57.3298,6.3921127,1208.2197,Africa,6.9,7.096903232819187
Malawi,MWI,2005,58.12274,6.824502,1214.7427,Africa,6.6,7.102287563800987
Malawi,MWI,2006,58.912743,6.7846117,1237.2739,Africa,3.7,7.120665770679168
Malawi,MWI,2007,59.70012,7.9793167,1318.3319,Africa,7.4,7.1841225043017
Malawi,MWI,2008,60.48455,8.727027,1378.4288,Africa,7.8,7.228699578785349
Malawi,MWI,2009,61.269524,7.040422,1449.7261,Africa,8.3,7.279129921019695
Malawi,MWI,2010,62.054718,6.025725,1504.3751,Africa,8.7,7.316132875010122
Malawi,MWI,2011,62.84009,5.976877,1533.2289,Africa,7.6,7.335131182793922
Malawi,MWI,2012,63.625042,8.951236,1518.1481,Africa,7.4,7.325246515779002
Malawi,MWI,2013,64.40977,10.150136,1555.5061,Africa,9.0,7.349556237898629
Malawi,MWI,2014,65.19339,9.618463,1597.5648,Africa,11.9,7.3762357488093
Malawi,MWI,2015,65.97633,8.899011,1597.6914,Africa,10.8,7.376314991281354
Malawi,MWI,2016,66.75751,10.973988,1593.5955,Africa,11.0,7.373748063031166
Malawi,MWI,2017,67.53726,7.003719,1613.0593,Africa,12.7,7.385887841243609
Malawi,MWI,2018,68.315216,5.208148,1638.9166,Africa,18.0,7.4017906927633765
Malawi,MWI,2019,69.09077,4.243763,1687.2894,Africa,11.2,7.430878614958517
Malawi,MWI,2020,69.863945,4.099282,1656.4398,Africa,11.5,7.412425879395301
Malawi,MWI,2021,70.63416,4.222504,1687.5936,Africa,14.2,7.431058887875133
Mali,MLI,2000,49.407425,5.463678,2187.719,Africa,9.6,7.690614727506383
Mali,MLI,2001,51.004353,5.352595,2458.4617,Africa,10.8,7.807291108125806
Mali,MLI,2002,52.665287,6.8125606,2455.6194,Africa,13.0,7.806134309831631
Mali,MLI,2003,54.320118,5.300991,2611.837,Africa,14.7,7.867809084161191
Mali,MLI,2004,55.969055,3.8956149,2565.9775,Africa,16.4,7.850094776625837
Mali,MLI,2005,57.609673,2.7914848,2546.3328,Africa,18.2,7.842409485421729
Mali,MLI,2006,59.24328,7.4165993,2555.0747,Africa,16.6,7.845836739001025
Mali,MLI,2007,60.867893,7.8626413,2515.947,Africa,21.7,7.830404552415628
Mali,MLI,2008,62.48401,6.919733,2523.1997,Africa,23.4,7.833283097312128
Mali,MLI,2009,64.08943,8.607033,2575.5454,Africa,24.0,7.853816596495392
Mali,MLI,2010,65.6825,7.6697526,2632.2646,Africa,27.0,7.875599819307107
Mali,MLI,2011,67.26265,8.910115,2623.3462,Africa,28.8,7.872205957432709
Mali,MLI,2012,68.82932,12.111088,2520.5293,Africa,25.6,7.832224198132763
Mali,MLI,2013,70.38203,8.513156,2528.53,Africa,32.4,7.835393385191594
Mali,MLI,2014,71.92057,7.248921,2609.1672,Africa,34.2,7.866786368939968
Mali,MLI,2015,73.44428,7.42711,2686.5605,Africa,37.6,7.896017029922749
Mali,MLI,2016,74.95305,8.99083,2759.1106,Africa,38.8,7.922663660401863
Mali,MLI,2017,76.446754,7.816147,2816.1943,Africa,34.8,7.9431417134771864
Mali,MLI,2018,77.92487,7.7426977,2862.4072,Africa,50.9,7.959418228123007
Mali,MLI,2019,79.38758,7.858429,2916.1716,Africa,47.9,7.978026939133715
Mali,MLI,2020,80.834236,9.469677,2796.4104,Africa,50.6,7.936091873698286
Mali,MLI,2021,82.26525,18.417883,2796.228,Africa,53.4,7.9360266450934605
Mauritania,MRT,2000,41.41342,3.2748728,5008.608,Africa,19.1,8.51891331116165
Mauritania,MRT,2001,42.328026,6.764912,4847.4106,Africa,22.2,8.48619994445061
Mauritania,MRT,2002,43.82345,7.6735525,4806.8984,Africa,21.7,8.477807331827034
Mauritania,MRT,2003,45.32826,4.460076,5023.6523,Africa,23.0,8.521912497950517
Mauritania,MRT,2004,46.842175,8.860069,5139.2256,Africa,24.3,8.544657685620031
Mauritania,MRT,2005,48.36375,19.386322,5445.8296,Africa,18.2,8.602605383724729
Mauritania,MRT,2006,49.893093,25.623821,6284.702,Africa,27.0,8.745873705421328
Mauritania,MRT,2007,51.429905,32.08884,6002.7783,Africa,33.0,8.699977691035624
Mauritania,MRT,2008,52.974277,38.39547,5813.356,Africa,30.0,8.667913307869828
Mauritania,MRT,2009,54.523674,20.844786,5639.7876,Africa,31.1,8.637601684208496
Mauritania,MRT,2010,56.079315,33.26995,5605.7637,Africa,34.2,8.631550579569844
Mauritania,MRT,2011,57.640537,30.850441,5653.2173,Africa,35.3,8.639980095702997
Mauritania,MRT,2012,59.206707,21.487926,5716.252,Africa,36.4,8.651068624851932
Mauritania,MRT,2013,60.776455,16.93302,5769.7285,Africa,37.6,8.660380304668914
Mauritania,MRT,2014,62.346672,13.180535,5837.852,Africa,38.8,8.67211819994506
Mauritania,MRT,2015,63.91647,6.191327,5969.5425,Africa,39.5,8.694425570284347
Mauritania,MRT,2016,65.48501,8.045584,5866.2812,Africa,41.2,8.676976185654041
Mauritania,MRT,2017,67.05285,9.096593,6050.6216,Africa,42.9,8.707916289548757
Mauritania,MRT,2018,68.61882,2.80831,6153.6377,Africa,43.6,8.724798681870753
Mauritania,MRT,2019,70.183174,2.6119142,6162.2104,Africa,44.9,8.726190823331889
Mauritania,MRT,2020,71.74513,2.438709,5963.2354,Africa,45.4,8.693368465117354
Mauritania,MRT,2021,73.304955,11.448752,5836.566,Africa,47.7,8.671897889175787
Mauritius,MUS,2000,99.35767,0.011778421,13373.656,Africa,99.0,9.501042080733844
Mauritius,MUS,2001,99.380714,0.011758942,13712.579,Africa,99.2,9.52606886573371
Mauritius,MUS,2002,99.4038,0.011318512,13837.626,Africa,99.4,9.535146682666493
Mauritius,MUS,2003,99.42695,0.0106844995,14551.879,Africa,99.1,9.585475405155142
Mauritius,MUS,2004,99.45014,0.006819534,15087.068,Africa,99.0,9.621593232021539
Mauritius,MUS,2005,99.4734,0.006576066,15264.599,Africa,99.0,9.633291635580568
Mauritius,MUS,2006,99.496704,0.008164347,15932.819,Africa,99.0,9.676136348955689
Mauritius,MUS,2007,99.52007,0.008379094,16774.568,Africa,99.0,9.727619208900231
Mauritius,MUS,2008,99.54349,0.0085716285,17627.111,Africa,99.0,9.777193393557896
Mauritius,MUS,2009,99.56696,0.011411012,18171.688,Africa,99.0,9.807620057460493
Mauritius,MUS,2010,99.590485,0.09741976,18925.572,Africa,99.4,9.84826930241957
Mauritius,MUS,2011,99.614075,0.113949426,19678.602,Africa,99.6,9.887287131497661
Mauritius,MUS,2012,99.6377,0.09677032,20313.033,Africa,99.4,9.91901797872783
Mauritius,MUS,2013,99.6614,0.07780917,20952.377,Africa,99.4,9.95000737953464
Mauritius,MUS,2014,99.68514,0.083543375,21721.31,Africa,99.5,9.986049085304618
Mauritius,MUS,2015,99.70895,0.02798235,22499.025,Africa,99.6,10.021227253920262
Mauritius,MUS,2016,99.732864,0.027123438,23357.23,Africa,99.7,10.058661851144022
Mauritius,MUS,2017,99.75689,0.0033925222,24258.988,Africa,99.6,10.096542466871155
Mauritius,MUS,2018,99.781006,0.0024072018,25243.887,Africa,99.8,10.136339306382908
Mauritius,MUS,2019,99.8052,0.0023597875,25958.49,Africa,100.0,10.164254002716433
Mauritius,MUS,2020,99.82945,0.0026299614,22272.54,Africa,99.5,10.011109808529879
Mauritius,MUS,2021,99.853745,0.002715269,23010.201,Africa,99.6,10.043692918323723
Morocco,MAR,2000,62.144,0.30532536,5100.1157,Africa,69.8,8.537018504729597
Morocco,MAR,2001,63.457108,0.20899847,5417.5786,Africa,71.6,8.597404241842414
Morocco,MAR,2002,64.763954,0.19463336,5544.072,Africa,73.3,8.620484527798396
Morocco,MAR,2003,66.06315,0.24273895,5810.053,Africa,75.1,8.667344972007449
Morocco,MAR,2004,67.35523,0.5701906,5996.39,Africa,78.2,8.698912900469502
Morocco,MAR,2005,68.7555,0.7391896,6103.4224,Africa,78.6,8.716604942012482
Morocco,MAR,2006,70.163475,1.1748779,6488.674,Africa,96.5,8.777813474493382
Morocco,MAR,2007,71.553734,1.4811164,6620.5903,Africa,82.2,8.797939814140008
Morocco,MAR,2008,72.925606,6.013564,6901.9507,Africa,84.1,8.839559360775295
Morocco,MAR,2009,74.27852,4.046253,7063.727,Africa,85.9,8.862728094877879
Morocco,MAR,2010,75.61386,5.523517,7210.6367,Africa,95.7,8.883312534285768
Morocco,MAR,2011,76.930084,7.440067,7503.793,Africa,96.1,8.923163905017732
Morocco,MAR,2012,78.227585,6.4858227,7628.644,Africa,96.4,8.939665388956337
Morocco,MAR,2013,79.50588,4.551387,7839.032,Africa,97.2,8.966870636333725
Morocco,MAR,2014,80.76534,3.5267978,7951.7983,Africa,97.3,8.981153383326593
Morocco,MAR,2015,82.00552,2.6140223,8198.809,Africa,97.3,9.011744178800988
Morocco,MAR,2016,83.22677,2.8982122,8141.9404,Africa,97.8,9.004783808967353
Morocco,MAR,2017,84.42866,3.2998989,8450.009,Africa,100.0,9.041922785439409
Morocco,MAR,2018,85.6112,2.413898,8611.75,Africa,98.1,9.0608828288014
Morocco,MAR,2019,86.7741,0.3217805,8768.176,Africa,99.6,9.078884081979037
Morocco,MAR,2020,87.91768,0.29612824,8054.563,Africa,100.0,8.993994042122
Morocco,MAR,2021,89.04146,0.39170292,8623.266,Africa,100.0,9.06221917820935
Mozambique,MOZ,2000,23.441042,6.2122355,711.9764,Africa,6.1,6.568044764795217
Mozambique,MOZ,2001,24.448298,6.2894506,785.79016,Africa,5.7,6.666689784775658
Mozambique,MOZ,2002,25.892056,7.15608,842.64526,Africa,8.4,6.736546062794952
Mozambique,MOZ,2003,27.363707,10.096988,883.23914,Africa,8.1,6.783595990664089
Mozambique,MOZ,2004,28.863594,7.995327,934.134,Africa,10.7,6.839619896888906
Mozambique,MOZ,2005,30.39102,7.518083,970.38995,Africa,11.8,6.877698001022212
Mozambique,MOZ,2006,31.94683,8.505242,1041.8047,Africa,13.0,6.948709776723453
Mozambique,MOZ,2007,33.529316,9.805053,1095.1257,Africa,12.4,6.998624430182763
Mozambique,MOZ,2008,35.28152,10.2039175,1141.9425,Africa,13.6,7.040486038685642
Mozambique,MOZ,2009,37.07133,10.022001,1178.7091,Africa,15.0,7.072175135572621
Mozambique,MOZ,2010,38.887085,10.268484,1224.2302,Africa,18.9,7.110067517284395
Mozambique,MOZ,2011,40.727234,11.370947,1275.5295,Africa,20.2,7.15111666549944
Mozambique,MOZ,2012,42.591232,11.91926,1338.516,Africa,21.2,7.199316816568454
Mozambique,MOZ,2013,44.47851,11.632553,1385.8325,Africa,22.4,7.234056321075882
Mozambique,MOZ,2014,46.388504,11.903903,1449.9293,Africa,24.8,7.27927007560519
Mozambique,MOZ,2015,48.32064,12.216072,1512.5997,Africa,24.0,7.321585105087915
Mozambique,MOZ,2016,50.27433,16.313389,1537.9086,Africa,26.2,7.338178720471338
Mozambique,MOZ,2017,52.248543,18.05104,1532.0073,Africa,24.3,7.334334115302239
Mozambique,MOZ,2018,54.243137,16.397589,1538.8351,Africa,31.1,7.3387809805998
Mozambique,MOZ,2019,56.258774,12.676724,1528.8899,Africa,29.7,7.332297195488106
Mozambique,MOZ,2020,58.294346,11.863936,1466.1248,Africa,30.6,7.290378008427643
Mozambique,MOZ,2021,60.349987,14.907476,1457.2354,Africa,31.5,7.284296358004308
Namibia,NAM,2000,76.236244,0.59200597,7858.3877,Africa,36.5,8.969336737155322
Namibia,NAM,2001,76.60734,0.6348614,7786.5415,Africa,36.0,8.960152073658556
Namibia,NAM,2002,77.08108,0.5986343,8017.2812,Africa,36.9,8.98935464089246
Namibia,NAM,2003,77.56987,0.9306107,8237.366,Africa,37.8,9.016435911607132
Namibia,NAM,2004,78.05411,0.79448885,9130.824,Africa,38.7,9.119411221433312
Namibia,NAM,2005,78.53209,1.1827713,9245.137,Africa,39.6,9.131852962532411
Namibia,NAM,2006,79.0046,2.6628125,9773.298,Africa,40.5,9.18740925204627
Namibia,NAM,2007,79.47089,5.84952,10162.24,Africa,43.7,9.22643416927294
Namibia,NAM,2008,79.931114,2.251039,10286.513,Africa,42.4,9.238588898705837
Namibia,NAM,2009,80.38344,1.9305502,10166.29,Africa,44.1,9.226832624060728
Namibia,NAM,2010,80.82945,2.3908968,10614.62,Africa,44.4,9.269987575098085
Namibia,NAM,2011,81.267654,2.0719414,10965.273,Africa,42.3,9.302488557942874
Namibia,NAM,2012,81.705734,1.7305923,11266.609,Africa,46.4,9.329598674446707
Namibia,NAM,2013,82.13585,1.1740264,11593.575,Africa,47.4,9.358206344336303
Namibia,NAM,2014,82.5579,1.6415356,11982.696,Africa,48.4,9.391218888087574
Namibia,NAM,2015,82.97104,1.8752744,12166.565,Africa,51.6,9.406446894703176
Namibia,NAM,2016,83.37098,2.6037905,11846.788,Africa,49.7,9.379812054968951
Namibia,NAM,2017,83.75692,3.355794,11408.726,Africa,52.5,9.34213378018036
Namibia,NAM,2018,84.129105,1.2628291,11214.386,Africa,52.3,9.32495269735036
Namibia,NAM,2019,84.5549,1.4373139,10813.305,Africa,53.3,9.28853259933586
Namibia,NAM,2020,84.96892,1.9302938,9652.248,Africa,52.3,9.174946120571484
Namibia,NAM,2021,85.37136,4.0305805,9709.1,Africa,55.2,9.18081886903901
Niger,NER,2000,36.547905,7.2683167,1197.6348,Africa,6.5,7.088103890799472
Niger,NER,2001,37.358814,6.559425,1240.3855,Africa,8.4,7.1231774973804765
Niger,NER,2002,38.111538,7.0129533,1256.237,Africa,8.8,7.135876023495136
Niger,NER,2003,38.85821,9.263172,1238.5878,Africa,9.3,7.121727138624997
Niger,NER,2004,39.598194,7.5076,1199.1594,Africa,9.7,7.089376090311328
Niger,NER,2005,40.33089,7.208523,1241.2007,Africa,7.1,7.123834496544418
Niger,NER,2006,41.057503,6.8945966,1267.6014,Africa,9.3,7.1448817322655085
Niger,NER,2007,41.777424,8.300579,1260.1854,Africa,11.2,7.139014131978218
Niger,NER,2008,42.49009,7.945639,1308.2751,Africa,11.8,7.176464831003679
Niger,NER,2009,43.196632,7.9622035,1285.2776,Africa,12.3,7.158730005126361
Niger,NER,2010,43.89648,6.8847218,1344.4989,Africa,13.6,7.203776657560574
Niger,NER,2011,44.5891,8.147712,1325.9265,Africa,14.3,7.189866739345263
Niger,NER,2012,45.275574,10.333549,1411.52,Africa,14.4,7.252422416916575
Niger,NER,2013,45.955345,11.466881,1431.7112,Africa,15.2,7.2666256512036025
Niger,NER,2014,46.636,10.273053,1471.5055,Africa,15.7,7.294041305349179
Niger,NER,2015,47.318092,9.740159,1480.3982,Africa,16.6,7.300066384623664
Niger,NER,2016,48.000134,9.686355,1488.0864,Africa,17.0,7.305246278223487
Niger,NER,2017,48.682644,9.379291,1515.483,Africa,17.6,7.323489479014949
Niger,NER,2018,49.364204,6.7960973,1565.0197,Africa,17.6,7.355653690754452
Niger,NER,2019,50.045307,5.8126397,1605.1948,Africa,18.5,7.3810003989157975
Niger,NER,2020,50.725468,5.568264,1622.2787,Africa,18.7,7.391587044822671
Niger,NER,2021,51.403786,6.4090705,1587.8479,Africa,18.6,7.370134856363379
Nigeria,NGA,2000,44.48031,24.935734,4889.0034,Africa,43.2,8.494743758017144
Nigeria,NGA,2001,45.765457,18.101227,5039.549,Africa,43.9,8.525071872934486
Nigeria,NGA,2002,47.323673,13.604816,5654.897,Africa,44.6,8.640277174414406
Nigeria,NGA,2003,48.889877,15.512505,5905.315,Africa,52.2,8.68360807183189
Nigeria,NGA,2004,50.46356,16.775507,6275.299,Africa,46.1,8.744376412267178
Nigeria,NGA,2005,52.043858,19.387568,6496.932,Africa,46.8,8.779085344456664
Nigeria,NGA,2006,53.630997,16.698973,6702.9453,Africa,47.6,8.810302305799523
Nigeria,NGA,2007,55.224834,15.8610115,6949.4263,Africa,50.1,8.846414388389077
Nigeria,NGA,2008,56.825226,17.590261,7215.7695,Africa,50.3,8.884024118327618
Nigeria,NGA,2009,58.430664,10.651145,7581.406,Africa,50.0,8.93345394956227
Nigeria,NGA,2010,60.04206,13.802992,7962.6396,Africa,48.0,8.982515831908836
Nigeria,NGA,2011,61.655266,17.553904,8153.5317,Africa,55.9,9.006206449794675
Nigeria,NGA,2012,63.270264,15.148515,8265.905,Africa,53.0,9.019894502143307
Nigeria,NGA,2013,64.88638,11.622718,8581.208,Africa,55.6,9.057329975112461
Nigeria,NGA,2014,66.503624,8.781936,8884.774,Africa,54.2,9.09209430413694
Nigeria,NGA,2015,68.122,4.5541067,8892.058,Africa,52.5,9.092913797779863
Nigeria,NGA,2016,69.74057,4.6577263,8534.692,Africa,59.3,9.051894547875584
Nigeria,NGA,2017,71.359985,7.804985,8396.784,Africa,54.4,9.03560405438004
Nigeria,NGA,2018,72.97966,9.798509,8362.623,Africa,56.5,9.031527412848494
Nigeria,NGA,2019,74.59932,8.353223,8361.787,Africa,55.4,9.031427439217055
Nigeria,NGA,2020,76.21904,5.07484,7664.211,Africa,55.4,8.944316850586956
Nigeria,NGA,2021,77.838554,8.552955,7588.479,Africa,59.5,8.934386455050946
Rwanda,RWA,2000,47.570583,5.0349655,1055.3505,Africa,6.2,6.9616282182229865
Rwanda,RWA,2001,48.370342,5.3751054,1134.7845,Africa,4.7,7.034198044046913
Rwanda,RWA,2002,49.185722,6.4377694,1267.194,Africa,6.0,7.144560286200467
Rwanda,RWA,2003,49.75616,9.07683,1266.9445,Africa,7.4,7.144363375099668
Rwanda,RWA,2004,50.290203,7.0204396,1325.7955,Africa,8.7,7.18976793562443
Rwanda,RWA,2005,50.82476,5.9570255,1412.061,Africa,4.8,7.2528056182531895
Rwanda,RWA,2006,51.36014,5.296492,1501.7646,Africa,11.4,7.314396095674023
Rwanda,RWA,2007,51.895737,6.225724,1573.9681,Africa,12.8,7.3613551619358875
Rwanda,RWA,2008,52.43185,8.305801,1704.2545,Africa,6.0,7.440883050697088
Rwanda,RWA,2009,52.968792,6.935423,1764.6349,Africa,15.6,7.475699092445763
Rwanda,RWA,2010,53.505947,6.4865527,1846.8633,Africa,9.7,7.521243965549016
Rwanda,RWA,2011,54.043617,6.995657,1945.5371,Africa,10.8,7.57329336189069
Rwanda,RWA,2012,54.582123,6.3942327,2063.6648,Africa,17.5,7.632238710311866
Rwanda,RWA,2013,55.12083,6.504756,2109.7466,Africa,15.2,7.654323124471426
Rwanda,RWA,2014,55.665066,6.452155,2176.095,Africa,19.8,7.685287265111082
Rwanda,RWA,2015,56.21518,5.778139,2313.0972,Africa,22.8,7.7463426846947865
Rwanda,RWA,2016,56.77061,5.998621,2386.7483,Africa,29.4,7.777687174612256
Rwanda,RWA,2017,57.332047,6.01493,2441.0854,Africa,34.1,7.80019805544259
Rwanda,RWA,2018,57.899544,4.713876,2577.6973,Africa,38.0,7.854651760003247
Rwanda,RWA,2019,58.472855,3.8170903,2753.5396,Africa,46.6,7.920642490295144
Rwanda,RWA,2020,59.05236,4.1048183,2617.707,Africa,45.2,7.8700540227123446
Rwanda,RWA,2021,59.638123,4.017236,2776.3928,Africa,48.7,7.928907810175796
Sao Tome and Principe,STP,2001,69.64653,2.9785178,3907.0193,Africa,51.5,8.270530034894419
Sao Tome and Principe,STP,2002,70.12288,3.2043436,3942.7605,Africa,52.5,8.279636391479967
Sao Tome and Principe,STP,2003,70.59286,4.006309,4161.638,Africa,53.6,8.333664025756121
Sao Tome and Principe,STP,2004,71.051834,3.0584915,4202.562,Africa,54.7,8.343449618297086
Sao Tome and Principe,STP,2005,71.49903,2.7452319,4371.497,Africa,55.8,8.382860792357414
Sao Tome and Principe,STP,2006,71.935,2.6848607,4644.1807,Africa,56.9,8.443370252482842
Sao Tome and Principe,STP,2007,72.35981,3.621465,4698.084,Africa,58.0,8.454910045007928
Sao Tome and Principe,STP,2008,72.77357,3.518344,4873.181,Africa,59.1,8.49150218559717
Sao Tome and Principe,STP,2009,73.17593,3.50919,4919.1953,Africa,56.9,8.500900239198895
Sao Tome and Principe,STP,2010,73.56744,3.9744139,4882.048,Africa,61.4,8.493320082940622
Sao Tome and Principe,STP,2011,73.94801,3.8222191,4876.473,Africa,62.6,8.492177491638822
Sao Tome and Principe,STP,2012,74.31797,3.817404,4919.5527,Africa,57.9,8.500972890719222
Sao Tome and Principe,STP,2013,74.6745,3.3390224,5072.112,Africa,65.0,8.531512577892185
Sao Tome and Principe,STP,2014,75.01849,3.047235,5223.0957,Africa,68.6,8.560845551071425
Sao Tome and Principe,STP,2015,75.350266,3.412876,5210.2036,Africa,67.3,8.558374212678677
Sao Tome and Principe,STP,2016,75.67031,3.2753139,5388.5093,Africa,69.4,8.592024057933143
Sao Tome and Principe,STP,2017,75.979095,3.1523979,5521.2026,Africa,74.3,8.616350977861433
Sao Tome and Principe,STP,2018,76.27706,2.3369384,5674.7236,Africa,71.0,8.643777136317668
Sao Tome and Principe,STP,2019,76.56466,2.046649,5702.0835,Africa,75.1,8.648586913349963
Sao Tome and Principe,STP,2020,76.8423,1.9801894,5742.9473,Africa,76.8,8.655727824433546
Sao Tome and Principe,STP,2021,77.11048,1.884396,5732.6943,Africa,78.5,8.65394090861906
Senegal,SEN,2000,59.799736,2.3080533,3093.2878,Africa,37.7,8.036989817176213
Senegal,SEN,2001,60.906647,2.0597613,3149.331,Africa,38.9,8.05494532831127
Senegal,SEN,2002,62.01613,2.2894897,3075.2317,Africa,36.8,8.031135526995476
Senegal,SEN,2003,63.194244,2.6847537,3170.035,Africa,41.9,8.061497907819838
Senegal,SEN,2004,64.421844,1.9716316,3240.302,Africa,36.8,8.083421814319149
Senegal,SEN,2005,65.6454,1.9916258,3301.8208,Africa,47.1,8.102229352868086
Senegal,SEN,2006,66.86561,1.9932129,3301.0315,Africa,49.9,8.101990274370523
Senegal,SEN,2007,68.08185,2.3034823,3316.4204,Africa,48.1,8.106641287471486
Senegal,SEN,2008,69.29395,3.0724273,3359.7056,Africa,49.7,8.119608630070857
Senegal,SEN,2009,70.50139,3.8344493,3371.4617,Africa,53.5,8.123101668181297
Senegal,SEN,2010,71.70473,2.9759731,3403.5671,Africa,56.5,8.132579307692934
Senegal,SEN,2011,72.90342,3.649594,3362.8794,Africa,56.5,8.120552850258717
Senegal,SEN,2012,74.09696,4.8639812,3405.1086,Africa,56.5,8.133032112348129
Senegal,SEN,2013,75.28554,3.4243622,3385.426,Africa,57.0,8.127235026763316
Senegal,SEN,2014,76.46896,3.1569476,3484.0122,Africa,61.0,8.15593983968842
Senegal,SEN,2015,77.64932,3.4791188,3593.7947,Africa,60.5,8.186963942729175
Senegal,SEN,2016,78.82581,3.9796412,3710.0554,Africa,64.5,8.218802088104546
Senegal,SEN,2017,79.998474,3.2123253,3871.4514,Africa,61.7,8.26138475447406
Senegal,SEN,2018,81.166245,2.8865547,3998.2864,Africa,66.0,8.293621148312532
Senegal,SEN,2019,82.32886,2.7598832,4070.6123,Africa,70.4,8.31154870938178
Senegal,SEN,2020,83.48557,2.869632,4018.0413,Africa,64.3,8.298549824067699
Senegal,SEN,2021,84.63608,4.401597,4173.6772,Africa,68.0,8.336552748757736
Seychelles,SYC,2000,93.56641,0.106839694,20633.674,Africa,94.1,9.934679680369088
Seychelles,SYC,2001,93.73978,0.100866295,20147.418,Africa,94.4,9.910831420206515
Seychelles,SYC,2002,93.913155,0.10483524,19777.752,Africa,96.1,9.892312948566367
Seychelles,SYC,2003,94.086525,0.11838604,18825.22,Africa,94.9,9.842952739186792
Seychelles,SYC,2004,94.259895,0.065572806,18356.47,Africa,95.2,9.817737379893837
Seychelles,SYC,2005,94.433266,0.09094964,19917.12,Africa,95.5,9.899334942372885
Seychelles,SYC,2006,94.606636,0.10280771,21341.86,Africa,99.0,9.968425681319927
Seychelles,SYC,2007,94.78001,0.10871251,23117.855,Africa,96.1,10.04836054166567
Seychelles,SYC,2008,94.953384,0.17845383,21990.37,Africa,96.5,9.998359909237177
Seychelles,SYC,2009,95.126755,0.16095552,21361.13,Africa,96.8,9.96932819429656
Seychelles,SYC,2010,95.300125,0.14695396,21708.756,Africa,97.0,9.985470960447536
Seychelles,SYC,2011,95.473495,0.14978068,24406.412,Africa,98.1,10.102601163644113
Seychelles,SYC,2012,95.646866,0.16447932,24919.955,Africa,98.3,10.123424167121268
Seychelles,SYC,2013,95.820244,0.13688724,24770.652,Africa,98.0,10.11741484430089
Seychelles,SYC,2014,95.993614,0.122451365,25379.418,Africa,100.0,10.14169380956337
Seychelles,SYC,2015,96.166985,0.10007398,27032.209,Africa,100.0,10.204784359941627
Seychelles,SYC,2016,96.23174,0.0990332,29905.135,Africa,100.0,10.305785483763737
Seychelles,SYC,2017,96.23826,0.11671286,31595.668,Africa,100.0,10.360775301569907
Seychelles,SYC,2018,96.24474,0.121453196,32841.426,Africa,100.0,10.399445985278927
Seychelles,SYC,2019,96.86047,0.097494714,34346.07,Africa,100.0,10.444242880624767
Seychelles,SYC,2020,97.033844,0.13148618,30056.2,Africa,100.0,10.310824241477073
Seychelles,SYC,2021,97.207214,0.120645136,29979.828,Africa,100.0,10.308280034482026
Sierra Leone,SLE,2000,40.883118,14.256687,1981.5061,Africa,7.7,7.591612491101653
Sierra Leone,SLE,2001,41.223705,8.052308,1749.3508,Africa,8.5,7.467000026662065
Sierra Leone,SLE,2002,42.356403,8.435525,2089.2615,Africa,9.2,7.644565933233992
Sierra Leone,SLE,2003,43.489525,12.876789,2196.2812,Africa,9.9,7.694520845433413
Sierra Leone,SLE,2004,44.623043,11.102324,2260.8381,Africa,16.8,7.723490864229876
Sierra Leone,SLE,2005,45.786724,9.902002,2296.6577,Africa,11.3,7.739210171122974
Sierra Leone,SLE,2006,46.972153,9.427181,2342.7546,Africa,12.2,7.759082695506434
Sierra Leone,SLE,2007,48.156315,12.255516,2377.8054,Africa,13.0,7.773933240428678
Sierra Leone,SLE,2008,49.339134,11.61158,2404.652,Africa,12.1,7.785160473525319
Sierra Leone,SLE,2009,50.520195,12.269175,2376.5825,Africa,14.6,7.77341881036841
Sierra Leone,SLE,2010,51.69944,10.528866,2459.768,Africa,11.5,7.807822315535951
Sierra Leone,SLE,2011,52.877167,10.9869585,2590.5283,Africa,14.2,7.859617110727115
Sierra Leone,SLE,2012,54.053307,9.770519,2792.9263,Africa,17.2,7.934845178199959
Sierra Leone,SLE,2013,55.227123,7.2268696,3124.7283,Africa,13.5,8.047102614390653
Sierra Leone,SLE,2014,56.399235,8.027713,2812.5283,Africa,18.8,7.941839108684274
Sierra Leone,SLE,2015,57.56926,10.571361,2628.1707,Africa,19.7,7.874043331832959
Sierra Leone,SLE,2016,58.737446,14.6732645,2732.261,Africa,20.3,7.912884750534587
Sierra Leone,SLE,2017,59.90581,14.936531,2753.4272,Africa,23.4,7.92060166927548
Sierra Leone,SLE,2018,61.07471,8.555328,2767.3801,Africa,26.1,7.925656339344358
Sierra Leone,SLE,2019,62.243595,7.4907966,2852.6626,Africa,22.7,7.956008082740915
Sierra Leone,SLE,2020,63.412212,8.229782,2752.6262,Africa,26.3,7.920310716773766
Sierra Leone,SLE,2021,64.580315,9.037014,2849.3887,Africa,27.5,7.954859759028093
Somalia,SOM,2013,49.713455,17.812765,1197.7217,Africa,51.5,7.088176447848945
Somalia,SOM,2014,51.863575,18.292192,1259.2743,Africa,51.4,7.138290881640286
Somalia,SOM,2015,54.054592,18.876177,1343.9252,Africa,51.2,7.203349864772406
Somalia,SOM,2016,56.284977,19.545452,1384.1552,Africa,51.1,7.232845268618862
Somalia,SOM,2017,58.552418,18.69727,1527.6603,Africa,52.1,7.331492628256506
Somalia,SOM,2018,60.855286,11.735774,1504.9791,Africa,50.7,7.316534290043361
Somalia,SOM,2019,63.190975,10.730411,1491.2949,Africa,49.2,7.307400081927846
Somalia,SOM,2020,65.55782,11.455285,1396.0554,Africa,49.9,7.24140596734865
Somalia,SOM,2021,67.9536,11.235694,1392.3179,Africa,49.3,7.238725191257218
South Africa,ZAF,2000,85.956,3.7168846,11183.825,Africa,72.4,9.322223816997809
South Africa,ZAF,2001,86.46224,4.9465866,11387.492,Africa,70.2,9.340270839043269
South Africa,ZAF,2002,86.97574,4.679234,11697.565,Africa,76.7,9.367135979467827
South Africa,ZAF,2003,87.48564,2.9908667,11923.121,Africa,78.8,9.386234735207207
South Africa,ZAF,2004,87.98649,4.7796397,12341.21,Africa,80.6,9.42069934775764
South Africa,ZAF,2005,88.47753,4.5684924,12861.563,Africa,80.8,9.461998530064118
South Africa,ZAF,2006,88.959366,5.2274046,13444.233,Africa,80.7,9.506305519846256
South Africa,ZAF,2007,89.43204,6.3657074,14016.244,Africa,82.0,9.547972221700443
South Africa,ZAF,2008,89.89583,11.990058,14297.688,Africa,81.9,9.567853124854972
South Africa,ZAF,2009,90.34985,4.937975,13910.702,Africa,82.6,9.540413750933777
South Africa,ZAF,2010,90.7949,6.846831,14164.996,Africa,82.8,9.558529129878414
South Africa,ZAF,2011,91.2308,7.8146605,14434.261,Africa,83.6,9.577359895774403
South Africa,ZAF,2012,91.65782,6.404364,14563.763,Africa,85.2,9.586291736160995
South Africa,ZAF,2013,92.07544,6.111531,14681.097,Africa,85.2,9.59431602689698
South Africa,ZAF,2014,92.48434,4.6657343,14643.339,Africa,85.9,9.591740835280925
South Africa,ZAF,2015,92.27668,2.8079476,14541.675,Africa,85.3,9.584773943902357
South Africa,ZAF,2016,92.06339,3.561599,14501.281,Africa,83.9,9.581992269334078
South Africa,ZAF,2017,91.84466,3.8355856,14573.598,Africa,84.4,9.586966814482158
South Africa,ZAF,2018,91.620865,3.8694916,14553.562,Africa,84.7,9.58559105363488
South Africa,ZAF,2019,91.3924,4.1878223,14352.67,Africa,85.0,9.571691266598016
South Africa,ZAF,2020,91.159836,4.017775,13250.566,Africa,90.0,9.491795547483155
South Africa,ZAF,2021,90.9231,7.3285785,13681.955,Africa,89.3,9.523833090322697
Sudan,SDN,2000,45.74312,10.78346,3575.852,Africa,23.0,8.18195874841233
Sudan,SDN,2001,45.756744,6.910169,3701.5488,Africa,29.4,8.216506605640634
Sudan,SDN,2002,45.77037,7.2228355,3814.3132,Africa,29.7,8.246515901299574
Sudan,SDN,2003,45.783993,7.006224,3946.9226,Africa,29.9,8.280691465640322
Sudan,SDN,2004,45.797623,10.143349,4041.0571,Africa,30.2,8.304261595144444
Sudan,SDN,2005,46.740257,12.480228,4152.3228,Africa,30.5,8.331423167488428
Sudan,SDN,2006,47.682297,12.538957,4299.974,Africa,30.8,8.366364255151746
Sudan,SDN,2007,48.62374,13.677466,4415.785,Africa,31.1,8.392940900177498
Sudan,SDN,2008,49.564594,17.979778,4446.4097,Africa,20.0,8.399852240525982
Sudan,SDN,2009,50.50966,9.842707,4188.0547,Africa,29.0,8.339991633032161
Sudan,SDN,2010,51.458813,11.942859,4219.837,Africa,36.0,8.347551780691653
Sudan,SDN,2011,52.411682,16.775908,4467.626,Africa,38.3,8.404612450329207
Sudan,SDN,2012,53.367683,6.646693,4145.9316,Africa,40.7,8.329882795030402
Sudan,SDN,2013,54.32667,7.517789,4130.486,Africa,43.1,8.326150354576649
Sudan,SDN,2014,55.28808,5.1742377,4207.5005,Africa,44.9,8.344624044900367
Sudan,SDN,2015,56.251934,2.9756908,4159.1943,Africa,48.0,8.33307665661271
Sudan,SDN,2016,57.217667,2.7405064,4174.561,Africa,50.5,8.33676448205574
Sudan,SDN,2017,58.184906,2.4802952,4061.0183,Africa,53.0,8.309189033955386
Sudan,SDN,2018,59.15346,6.1477065,3816.66,Africa,55.3,8.24713097358786
Sudan,SDN,2019,60.122772,8.259769,3625.5232,Africa,57.6,8.195753887908536
Sudan,SDN,2020,61.092636,9.292652,3401.2498,Africa,59.7,8.131898231295544
Sudan,SDN,2021,62.062664,12.750212,3248.9756,Africa,61.8,8.086095025637823
Tanzania,TZA,2000,28.611532,3.7553358,1839.9366,Africa,8.7,7.517486393487653
Tanzania,TZA,2001,29.867762,4.0441246,1899.7454,Africa,9.7,7.549475156175729
Tanzania,TZA,2002,31.124126,4.8574734,1982.6443,Africa,10.7,7.592186737745412
Tanzania,TZA,2003,32.4758,6.862737,2059.8374,Africa,11.1,7.630382326629494
Tanzania,TZA,2004,33.947117,5.354294,2155.2415,Africa,11.4,7.675658061224237
Tanzania,TZA,2005,35.428352,4.993588,2253.0933,Africa,13.8,7.720059351026212
Tanzania,TZA,2006,36.919506,5.5219636,2334.1045,Africa,14.9,7.755383584766246
Tanzania,TZA,2007,38.419598,6.2061033,2423.616,Africa,15.9,7.793015918798506
Tanzania,TZA,2008,39.929058,5.0765953,2493.2593,Africa,11.5,7.821346089346213
Tanzania,TZA,2009,41.445488,5.5362563,2560.811,Africa,11.2,7.848079284179073
Tanzania,TZA,2010,42.970222,5.5594583,2654.8035,Africa,14.8,7.884125919637633
Tanzania,TZA,2011,44.501354,7.3364615,2779.7078,Africa,14.2,7.9301010932467895
Tanzania,TZA,2012,46.039227,6.83252,2822.4854,Africa,15.3,7.945373123291218
Tanzania,TZA,2013,47.58197,5.7672353,2924.8633,Africa,16.4,7.981003023531105
Tanzania,TZA,2014,49.127773,5.0469055,3027.569,Africa,23.5,8.015515266249285
Tanzania,TZA,2015,50.676167,5.301939,3111.4446,Africa,26.2,8.042842398933521
Tanzania,TZA,2016,52.225857,5.6160383,3214.2468,Africa,32.8,8.075348332397246
Tanzania,TZA,2017,53.776814,5.1361675,3318.2883,Africa,32.1,8.107204356668285
Tanzania,TZA,2018,55.328186,3.6115973,3392.6887,Africa,34.9,8.129378012859265
Tanzania,TZA,2019,56.878746,3.5314505,3484.6326,Africa,37.7,8.156117894394736
Tanzania,TZA,2020,58.42887,3.851695,3449.8215,Africa,39.9,8.146077769556456
Tanzania,TZA,2021,59.97699,6.693709,3493.083,Africa,42.7,8.158540006333858
Togo,TGO,2000,45.840107,7.144016,2321.9504,Africa,17.0,7.75016280113391
Togo,TGO,2001,47.206654,6.6486197,2283.585,Africa,19.6,7.733501855492598
Togo,TGO,2002,48.548645,6.848157,2312.9646,Africa,21.3,7.746285357315357
Togo,TGO,2003,49.865715,9.301573,2407.5857,Africa,23.0,7.786379740131139
Togo,TGO,2004,51.002296,6.31026,2326.601,Africa,24.8,7.752163683194317
Togo,TGO,2005,51.94533,6.871031,2164.016,Africa,26.5,7.67972103365438
Togo,TGO,2006,52.85337,8.393288,2158.9438,Africa,27.9,7.677374399606298
Togo,TGO,2007,53.72648,10.548485,2067.2183,Africa,30.0,7.633959166103279
Togo,TGO,2008,54.565163,15.154563,2082.642,Africa,31.8,7.641392558991261
Togo,TGO,2009,55.367737,14.675297,2126.4414,Africa,33.7,7.6622051572954115
Togo,TGO,2010,56.13607,11.307629,2181.5989,Africa,30.8,7.687813327314164
Togo,TGO,2011,56.877895,17.92481,2246.562,Africa,39.7,7.7171563266159175
Togo,TGO,2012,57.58879,20.993689,2333.1929,Africa,39.1,7.754992951843822
Togo,TGO,2013,58.263294,15.56532,2416.378,Africa,41.0,7.790025003770236
Togo,TGO,2014,58.902283,13.395072,2501.4326,Africa,45.7,7.824618886731568
Togo,TGO,2015,59.505867,12.728008,2588.2727,Africa,44.7,7.858746021012476
Togo,TGO,2016,60.075314,9.00311,2648.901,Africa,46.8,7.881900115980265
Togo,TGO,2017,60.610245,7.7773385,2708.6113,Africa,48.0,7.90419134710949
Togo,TGO,2018,61.110615,4.8736234,2787.564,Africa,50.0,7.9329233751460615
Togo,TGO,2019,61.57639,4.325876,2862.6267,Africa,52.5,7.959494908891695
Togo,TGO,2020,62.007523,4.7316856,2861.2979,Africa,54.1,7.959030612061555
Togo,TGO,2021,62.404,7.8641744,2952.0974,Africa,55.7,7.990271179756
Tunisia,TUN,2000,87.53645,3.7032719,9134.415,Africa,94.8,9.11980442735263
Tunisia,TUN,2001,87.847244,2.9249687,9380.563,Africa,97.3,9.146395061521025
Tunisia,TUN,2002,88.13898,2.8415706,9407.557,Africa,97.8,9.14926858144472
Tunisia,TUN,2003,88.4265,2.5546803,9752.024,Africa,98.4,9.185230132191712
Tunisia,TUN,2004,88.70512,3.0449588,10263.806,Africa,99.0,9.236379005103595
Tunisia,TUN,2005,88.958855,4.3309765,10529.16,Africa,99.2,9.261903829866288
Tunisia,TUN,2006,89.209656,4.799558,10983.922,Africa,99.4,9.304187846184428
Tunisia,TUN,2007,89.45698,6.3514733,11613.925,Africa,99.4,9.359960088187707
Tunisia,TUN,2008,89.886826,9.880121,11990.196,Africa,99.4,9.391844594843747
Tunisia,TUN,2009,90.34339,6.9909086,12229.775,Africa,99.5,9.411628831128501
Tunisia,TUN,2010,90.79591,5.802305,12458.271,Africa,99.5,9.43014001866788
Tunisia,TUN,2011,91.24482,6.2600236,12068.714,Africa,99.5,9.398371763261967
Tunisia,TUN,2012,91.68983,6.6123767,12436.3955,Africa,99.5,9.428382573503438
Tunisia,TUN,2013,92.130516,5.461685,12587.995,Africa,99.7,9.440498860980533
Tunisia,TUN,2014,92.56746,4.5941377,12824.003,Africa,99.8,9.459073928225731
Tunisia,TUN,2015,93.00175,2.6882868,12802.792,Africa,99.9,9.45741855112191
Tunisia,TUN,2016,93.4329,2.1851559,12803.88,Africa,100.0,9.457503528974607
Tunisia,TUN,2017,93.86062,2.5102596,12955.401,Africa,100.0,9.469268045817051
Tunisia,TUN,2018,94.28474,2.8218799,13163.195,Africa,99.8,9.485179956567748
Tunisia,TUN,2019,94.704796,2.2473922,13243.902,Africa,100.0,9.491292499062594
Tunisia,TUN,2020,95.12038,1.4671723,11955.599,Africa,99.9,9.388954983195996
Tunisia,TUN,2021,95.531296,2.2492309,12444.326,Africa,99.9,9.429020055038574
Uganda,UGA,2000,26.235704,12.049415,1487.005,Africa,7.4,7.304519308929284
Uganda,UGA,2001,27.529882,12.464394,1516.9642,Africa,8.6,7.324466379861102
Uganda,UGA,2002,28.850449,14.24812,1598.5829,Africa,7.8,7.376872828274955
Uganda,UGA,2003,30.196743,20.885231,1649.1483,Africa,10.5,7.408014251808748
Uganda,UGA,2004,31.568563,15.192563,1709.3616,Africa,11.6,7.443875246457134
Uganda,UGA,2005,32.963303,13.923956,1765.0378,Africa,8.9,7.475927385568664
Uganda,UGA,2006,34.382626,13.251967,1898.9791,Africa,9.0,7.549071704959199
Uganda,UGA,2007,35.824383,16.16408,1999.0625,Africa,14.8,7.6004335996444565
Uganda,UGA,2008,37.28873,16.437994,2110.1006,Africa,15.9,7.654490903058684
Uganda,UGA,2009,38.774,9.462459,2188.299,Africa,10.0,7.690879808684476
Uganda,UGA,2010,40.280254,8.102294,2244.606,Africa,12.1,7.716285283660646
Uganda,UGA,2011,41.80625,9.156208,2384.4653,Africa,14.6,7.776730185315345
Uganda,UGA,2012,43.35154,10.658571,2405.0945,Africa,20.5,7.785344474907199
Uganda,UGA,2013,44.914078,10.65861,2420.8882,Africa,13.9,7.791889776606997
Uganda,UGA,2014,46.494545,10.331232,2470.504,Africa,20.4,7.8121774573899385
Uganda,UGA,2015,48.09126,10.794758,2520.02,Africa,18.5,7.8320221169819115
Uganda,UGA,2016,49.702606,12.733651,2554.2278,Africa,26.7,7.845505226037071
Uganda,UGA,2017,51.32773,12.130515,2543.8477,Africa,32.4,7.84143305631575
Uganda,UGA,2018,52.965107,8.388883,2613.88,Africa,41.9,7.86859098647396
Uganda,UGA,2019,54.61487,7.3883395,2689.4102,Africa,41.3,7.897077192050086
Uganda,UGA,2020,56.275173,7.5634904,2678.009,Africa,42.1,7.892828886962423
Uganda,UGA,2021,57.9452,7.47552,2684.9204,Africa,45.2,7.895406360321013
Zambia,ZMB,2000,46.2308,9.121225,2220.5654,Africa,16.7,7.705517127124371
Zambia,ZMB,2001,47.32916,6.917968,2268.9697,Africa,20.2,7.727081130790281
Zambia,ZMB,2002,48.566933,8.581784,2299.333,Africa,17.4,7.74037435985911
Zambia,ZMB,2003,49.794666,12.638816,2383.8762,Africa,18.5,7.776483097306654
Zambia,ZMB,2004,51.012325,13.775638,2471.7207,Africa,20.3,7.812669826757353
Zambia,ZMB,2005,52.219357,14.102702,2564.4756,Africa,23.3,7.849509292258811
Zambia,ZMB,2006,53.41626,19.201504,2673.4614,Africa,24.1,7.891129316281939
Zambia,ZMB,2007,54.60251,21.787432,2796.353,Africa,18.5,7.936071347172883
Zambia,ZMB,2008,55.779037,16.052538,2908.1436,Africa,25.7,7.975270218452089
Zambia,ZMB,2009,56.94393,16.796864,3065.8442,Africa,26.6,8.028078242745963
Zambia,ZMB,2010,58.09906,18.66472,3266.5076,Africa,22.0,8.091476680927418
Zambia,ZMB,2011,59.243465,17.423733,3335.6433,Africa,28.3,8.112420833301378
Zambia,ZMB,2012,60.37932,13.575349,3474.5525,Africa,29.2,8.153220972728008
Zambia,ZMB,2013,61.506893,12.023595,3535.2246,Africa,30.1,8.170532112380235
Zambia,ZMB,2014,62.62519,10.842259,3585.5774,Africa,27.9,8.184674800037062
Zambia,ZMB,2015,63.734898,11.160254,3576.9255,Africa,31.1,8.182258911533037
Zambia,ZMB,2016,64.83505,11.677213,3598.1716,Africa,35.4,8.188181106536064
Zambia,ZMB,2017,65.92593,13.22644,3612.5059,Africa,40.3,8.192156965637347
Zambia,ZMB,2018,67.00737,11.748346,3646.9597,Africa,40.2,8.201649140569398
Zambia,ZMB,2019,68.07889,7.9150653,3591.5642,Africa,43.0,8.186343096894559
Zambia,ZMB,2020,69.14036,16.22223,3391.5955,Africa,44.6,8.129055738621561
Zambia,ZMB,2021,70.22283,35.26415,3503.035,Africa,46.7,8.161385014583486
Zimbabwe,ZWE,2000,67.921745,3.9017088,6170.361,Africa,33.7,8.727512624101955
Zimbabwe,ZWE,2001,68.08873,4.027992,6217.439,Africa,34.2,8.735113364612141
Zimbabwe,ZWE,2002,68.265854,5.172194,5610.216,Africa,34.2,8.63234450044933
Zimbabwe,ZWE,2003,68.23002,6.982176,4601.6807,Africa,35.1,8.434176885311198
Zimbabwe,ZWE,2004,68.16056,8.43731,4287.6167,Africa,35.6,8.363486309762667
Zimbabwe,ZWE,2005,68.08982,8.5582075,4004.682,Africa,36.1,8.29521945560099
Zimbabwe,ZWE,2006,68.01738,11.481304,3819.25,Africa,37.2,8.247809347245832
Zimbabwe,ZWE,2007,67.94362,15.559238,3631.5535,Africa,37.2,8.197415797142028
Zimbabwe,ZWE,2008,67.868126,18.323048,2954.112,Africa,37.7,7.990953377064525
Zimbabwe,ZWE,2009,67.79127,6.762609,3299.428,Africa,43.4,8.10150439909728
Zimbabwe,ZWE,2010,67.71264,7.0984707,3885.4106,Africa,38.9,8.264983945762795
Zimbabwe,ZWE,2011,67.63263,7.879389,4358.945,Africa,36.9,8.379985334585953
Zimbabwe,ZWE,2012,67.550804,5.967733,5003.509,Africa,44.0,8.517894745269775
Zimbabwe,ZWE,2013,67.46756,5.0428395,5031.7095,Africa,40.6,8.523515066189164
Zimbabwe,ZWE,2014,67.394356,5.6212635,5081.1343,Africa,32.3,8.53328980304918
Zimbabwe,ZWE,2015,67.33155,4.6061854,5102.7363,Africa,33.7,8.537532204243739
Zimbabwe,ZWE,2016,67.27867,4.495414,5070.4243,Africa,42.5,8.531179781446472
Zimbabwe,ZWE,2017,67.23568,6.0954485,5234.4067,Africa,44.0,8.563008783548597
Zimbabwe,ZWE,2018,67.202934,3.3781896,5415.493,Africa,45.4,8.59701919868886
Zimbabwe,ZWE,2019,67.179596,4.7157655,4993.865,Africa,46.7,8.515965438035408
Zimbabwe,ZWE,2020,67.16642,4.746668,4527.7393,Africa,52.7,8.41797804313717
Zimbabwe,ZWE,2021,67.162605,6.398452,4827.1094,Africa,49.0,8.482003099584315
